,Season,Team,Player Name,Accumulated Playing Time,Accumulated Goals Scored,Accumulated Goals Lost,Plus-Minus,Plus-Minus Per Min,sofifa_id,player_url,short_name,long_name,age,nationality,club_name,league_name,player_positions,potential,weight_kg,foot,best_overall,best_position,growth,joined,loan_date_end,value,wage,release_clause,total_attacking,attacking_crossing,attacking_finishing,attacking_heading_accuracy,attacking_short_passing,attacking_volleys,total_skill,skill_dribbling,skill_curve,skill_fk_accuracy,skill_long_passing,skill_ball_control,total_movement,movement_acceleration,movement_sprint_speed,movement_agility,movement_reactions,movement_balance,total_power,power_shot_power,power_jumping,power_stamina,power_strength,power_long_shots,total_mentality,mentality_aggression,mentality_interceptions,mentality_positioning,mentality_vision,mentality_penalties,mentality_composure,total_defending,defending_marking,defending_standing_tackle,defending_sliding_tackle,total_goalkeeping,gk_diving,gk_handling,gk_positioning,gk_reflexes,total_stats,base_stats,weak_foot,skill_moves,attacking_work_rate,defensive_work_rate,international_reputation,pace_/_diving,shooting_/_handling,passing_/_kicking,dribbling_/_reflexes,defending_/_pace,physical_/_positioning,season
0,2021-2022,Manchester United,David de Gea,3420,56,54,2,0.0005847953216374,193080.0,/player/193080/david-de-gea-quintana/220069/,De Gea,David de Gea,30.0,Spain,Manchester United,[England] Premier Le,GK,87.0,76kg / 168lbs,Right,87.0,GK,0.0,"Jul 1, 2011",,€53M,€150K,€98.1M,112.0,17.0,13.0,21.0,48.0,13.0,139.0,18.0,21.0,19.0,43.0,38.0,310.0,57.0,58.0,63.0,89.0,43.0,234.0,57.0,67.0,43.0,55.0,12.0,167.0,38.0,30.0,12.0,58.0,29.0,60.0,59.0,25.0,21.0,13.0,417.0,88.0,80.0,84.0,89.0,1438.0,474.0,3.0,1.0,Medium,Medium,4.0,88.0,80.0,76.0,89.0,57.0,84.0,2021-2022
1,2021-2022,Manchester United,Victor Lindelöf,2347,38,45,-7,-0.0029825308904985,221660.0,/player/221660/victor-lindelof/220069/,V. Lindelöf,Victor Lindelöf,26.0,Sweden,Manchester United,[England] Premier Le,CDM,82.0,80kg / 176lbs,Right,82.0,CDM,2.0,"Jul 1, 2017",,€23M,€105K,€44.3M,297.0,62.0,42.0,76.0,79.0,38.0,344.0,70.0,64.0,53.0,81.0,76.0,329.0,61.0,65.0,62.0,81.0,60.0,354.0,72.0,77.0,77.0,76.0,52.0,344.0,83.0,84.0,51.0,72.0,54.0,83.0,243.0,82.0,82.0,79.0,52.0,12.0,16.0,7.0,9.0,1963.0,418.0,4.0,3.0,Medium,High,2.0,63.0,51.0,72.0,72.0,82.0,78.0,2021-2022
2,2021-2022,Manchester United,Cristiano Ronaldo,2459,39,39,0,0.0,20801.0,/player/20801/c-ronaldo-dos-santos-aveiro/220069/,Cristiano Ronaldo,C. Ronaldo dos Santos Aveiro,36.0,Portugal,Manchester United,[England] Premier Le,ST,91.0,83kg / 183lbs,Right,91.0,ST,0.0,"Aug 27, 2021",,€45M,€270K,€83.3M,434.0,84.0,94.0,90.0,80.0,86.0,411.0,86.0,81.0,79.0,77.0,88.0,417.0,82.0,87.0,82.0,94.0,72.0,435.0,94.0,95.0,77.0,77.0,92.0,353.0,63.0,29.0,95.0,76.0,90.0,95.0,80.0,24.0,32.0,24.0,58.0,7.0,11.0,14.0,11.0,2188.0,453.0,4.0,5.0,High,Medium,5.0,85.0,93.0,80.0,86.0,34.0,75.0,2021-2022
3,2021-2022,Manchester United,Bruno Fernandes,3119,49,52,-3,-0.0009618467457518,212198.0,/player/212198/bruno-miguel-borges-fernandes/220069/,Bruno Fernandes,Bruno Miguel Borges Fernandes,26.0,Portugal,Manchester United,[England] Premier Le,CAM,88.0,69kg / 152lbs,Right,87.0,CAM,1.0,"Jan 30, 2020",,€94M,€210K,€181M,407.0,85.0,83.0,64.0,88.0,87.0,425.0,80.0,87.0,85.0,88.0,85.0,401.0,77.0,73.0,81.0,91.0,79.0,406.0,88.0,73.0,91.0,66.0,88.0,411.0,80.0,64.0,86.0,91.0,90.0,80.0,204.0,66.0,73.0,65.0,63.0,12.0,14.0,8.0,14.0,2317.0,473.0,3.0,4.0,High,High,3.0,75.0,86.0,88.0,82.0,67.0,75.0,2021-2022
4,2021-2022,Manchester United,Raphaël Varane,1824,29,21,8,0.0043859649122807,201535.0,/player/201535/raphael-varane/220069/,R. Varane,Raphaël Varane,28.0,France,Manchester United,[England] Premier Le,CB,86.0,81kg / 179lbs,Right,85.0,CB,1.0,"Jul 27, 2021",,€51M,€170K,€98.2M,294.0,42.0,46.0,86.0,78.0,42.0,308.0,59.0,46.0,52.0,75.0,76.0,347.0,79.0,85.0,62.0,82.0,39.0,342.0,52.0,80.0,70.0,87.0,53.0,320.0,78.0,85.0,55.0,59.0,43.0,82.0,257.0,85.0,87.0,85.0,50.0,11.0,11.0,5.0,14.0,1918.0,428.0,3.0,2.0,Medium,High,3.0,82.0,49.0,64.0,66.0,86.0,81.0,2021-2022
5,2021-2022,Manchester United,Diogo Dalot,1783,28,26,2,0.0011217049915872,234574.0,/player/234574/jose-diogo-dalot-teixeira/220069/,Diogo Dalot,José Diogo Dalot Teixeira,22.0,Portugal,Manchester United,[England] Premier Le,RB,84.0,76kg / 168lbs,Right,78.0,RB,6.0,"Jun 9, 2018",,€21M,€78K,€43.1M,321.0,77.0,52.0,70.0,78.0,44.0,347.0,80.0,78.0,44.0,68.0,77.0,388.0,82.0,80.0,79.0,75.0,72.0,377.0,78.0,84.0,76.0,75.0,64.0,340.0,79.0,74.0,74.0,70.0,43.0,75.0,220.0,70.0,76.0,74.0,40.0,10.0,6.0,6.0,8.0,2033.0,442.0,4.0,3.0,High,Medium,2.0,81.0,60.0,73.0,78.0,73.0,77.0,2021-2022
6,2021-2022,Manchester United,Alex Telles,1649,25,25,0,0.0,212462.0,/player/212462/alex-nicolao-telles/220069/,Alex Telles,Alex Nicolao Telles,28.0,Brazil,Manchester United,[England] Premier Le,LB,80.0,71kg / 157lbs,Left,80.0,LB,0.0,"Oct 5, 2020",,€19M,€110K,€35.2M,359.0,84.0,63.0,66.0,80.0,66.0,401.0,77.0,87.0,79.0,79.0,79.0,385.0,79.0,82.0,75.0,79.0,70.0,396.0,87.0,81.0,83.0,62.0,83.0,392.0,76.0,79.0,76.0,78.0,83.0,75.0,227.0,74.0,77.0,76.0,58.0,13.0,8.0,11.0,14.0,2218.0,459.0,2.0,3.0,High,Low,3.0,81.0,74.0,81.0,77.0,75.0,71.0,2021-2022
7,2021-2022,Manchester United,Nemanja Matić,1376,20,23,-3,-0.0021802325581395,191202.0,/player/191202/nemanja-matic/220069/,N. Matić,Nemanja Matić,32.0,Serbia,Manchester United,[England] Premier Le,CDM,79.0,83kg / 183lbs,Left,79.0,CDM,0.0,"Jul 31, 2017",,€11.5M,€100K,€21.3M,350.0,68.0,59.0,70.0,82.0,71.0,367.0,74.0,70.0,63.0,82.0,78.0,250.0,33.0,43.0,47.0,78.0,49.0,347.0,84.0,63.0,53.0,80.0,67.0,353.0,76.0,80.0,61.0,72.0,64.0,82.0,231.0,81.0,80.0,70.0,57.0,7.0,15.0,14.0,9.0,1955.0,404.0,3.0,3.0,Low,Medium,3.0,39.0,67.0,76.0,72.0,78.0,72.0,2021-2022
8,2021-2022,Manchester United,Anthony Elanga,1205,20,16,4,0.0033195020746887,257470.0,/player/257470/anthony-elanga/220069/,A. Elanga,Anthony Elanga,19.0,Sweden,Manchester United,[England] Premier Le,RW,85.0,75kg / 165lbs,Right,72.0,RW,13.0,"Jul 1, 2020",,€5.5M,€41K,€13.6M,326.0,63.0,69.0,65.0,67.0,62.0,319.0,74.0,65.0,61.0,47.0,72.0,401.0,88.0,84.0,83.0,69.0,77.0,328.0,64.0,76.0,73.0,54.0,61.0,262.0,42.0,29.0,72.0,63.0,56.0,68.0,96.0,30.0,35.0,31.0,49.0,13.0,5.0,8.0,10.0,1781.0,380.0,3.0,3.0,High,High,1.0,86.0,66.0,62.0,74.0,35.0,57.0,2021-2022
9,2021-2022,Manchester United,Scott McTominay,2383,38,34,4,0.0016785564414603,237238.0,/player/237238/scott-mctominay/220069/,S. McTominay,Scott McTominay,24.0,Scotland,Manchester United,[England] Premier Le,CDM,84.0,88kg / 194lbs,Right,82.0,CDM,3.0,"Jul 1, 2013",,€32M,€95K,€61.6M,358.0,68.0,71.0,78.0,79.0,62.0,360.0,78.0,72.0,53.0,80.0,77.0,337.0,62.0,69.0,66.0,80.0,60.0,409.0,85.0,73.0,85.0,85.0,81.0,377.0,89.0,83.0,70.0,75.0,60.0,76.0,231.0,77.0,80.0,74.0,42.0,9.0,6.0,10.0,11.0,2114.0,456.0,3.0,3.0,Medium,High,2.0,66.0,75.0,75.0,76.0,79.0,85.0,2021-2022
10,2021-2022,Manchester United,Marcus Rashford,1233,18,28,-10,-0.008110300081103,231677.0,/player/231677/marcus-rashford/220069/,M. Rashford,Marcus Rashford,23.0,England,Manchester United,[England] Premier Le,RM,86.0,70kg / 154lbs,Right,83.0,RM,4.0,"Jul 1, 2014",,€43.5M,€130K,€83.7M,373.0,75.0,81.0,68.0,76.0,73.0,393.0,83.0,83.0,76.0,70.0,81.0,416.0,85.0,91.0,85.0,80.0,75.0,397.0,92.0,74.0,80.0,73.0,78.0,347.0,69.0,39.0,78.0,76.0,85.0,75.0,111.0,40.0,38.0,33.0,53.0,11.0,6.0,7.0,14.0,2090.0,442.0,3.0,5.0,Medium,Low,3.0,88.0,82.0,75.0,82.0,41.0,74.0,2021-2022
11,2021-2022,Manchester United,Fred,2034,32,28,4,0.0019665683382497,209297.0,/player/209297/frederico-de-paula-santos/220069/,Fred,Frederico de Paula Santos,28.0,Brazil,Manchester United,[England] Premier Le,CM,80.0,62kg / 137lbs,Left,80.0,CM,0.0,"Jun 21, 2018",,€21M,€120K,€38.9M,336.0,74.0,61.0,56.0,83.0,62.0,391.0,80.0,77.0,74.0,80.0,80.0,418.0,81.0,76.0,88.0,86.0,87.0,373.0,78.0,82.0,93.0,52.0,68.0,381.0,85.0,83.0,73.0,76.0,64.0,75.0,223.0,72.0,81.0,70.0,64.0,7.0,16.0,11.0,15.0,2186.0,450.0,3.0,4.0,High,High,3.0,78.0,67.0,79.0,81.0,75.0,70.0,2021-2022
12,2021-2022,Manchester United,Edinson Cavani,735,10,9,1,0.001360544217687,179813.0,/player/179813/edinson-cavani/220069/,E. Cavani,Edinson Cavani,34.0,Uruguay,Manchester United,[England] Premier Le,ST,82.0,77kg / 170lbs,Right,82.0,ST,0.0,"Oct 5, 2020",,€15M,€145K,€27.8M,395.0,66.0,85.0,85.0,73.0,86.0,350.0,71.0,76.0,74.0,52.0,77.0,331.0,60.0,65.0,64.0,85.0,57.0,392.0,86.0,87.0,70.0,75.0,74.0,385.0,81.0,54.0,92.0,74.0,84.0,82.0,132.0,45.0,48.0,39.0,53.0,12.0,5.0,13.0,10.0,2038.0,415.0,4.0,3.0,High,High,4.0,63.0,83.0,69.0,73.0,51.0,76.0,2021-2022
13,2020-2021,Manchester United,David de Gea,2296,44,30,14,0.0060975609756097,193080.0,/player/193080/david-de-gea-quintana/210064/,De Gea,David de Gea,29.0,Spain,Manchester United,[England] Premier Le,GK,86.0,82kg / 181lbs,Right,86.0,GK,0.0,"Jul 1, 2011",,€46.5M,€150K,€88.4M,112.0,17.0,13.0,21.0,48.0,13.0,139.0,18.0,21.0,19.0,43.0,38.0,305.0,57.0,58.0,63.0,84.0,43.0,234.0,57.0,67.0,43.0,55.0,12.0,170.0,38.0,30.0,12.0,61.0,29.0,65.0,59.0,25.0,21.0,13.0,413.0,88.0,80.0,80.0,89.0,1432.0,471.0,3.0,1.0,Medium,Medium,4.0,88.0,80.0,76.0,89.0,58.0,80.0,2020-2021
14,2020-2021,Manchester United,Victor Lindelöf,2586,58,29,29,0.011214230471771,221660.0,/player/221660/victor-lindelof/210064/,V. Lindelöf,Victor Lindelöf,25.0,Sweden,Manchester United,[England] Premier Le,CB,84.0,80kg / 176lbs,Right,82.0,CB,4.0,"Jul 1, 2017",,€26.5M,€100K,€52.3M,298.0,62.0,42.0,77.0,79.0,38.0,349.0,71.0,64.0,59.0,78.0,77.0,340.0,63.0,67.0,65.0,83.0,62.0,352.0,70.0,77.0,77.0,76.0,52.0,340.0,81.0,82.0,51.0,72.0,54.0,83.0,241.0,82.0,81.0,78.0,52.0,12.0,16.0,7.0,9.0,1972.0,417.0,4.0,3.0,Medium,High,2.0,65.0,50.0,72.0,72.0,81.0,77.0,2020-2021
15,2020-2021,Manchester United,Paul Pogba,1888,34,25,9,0.0047669491525423,195864.0,/player/195864/paul-pogba/210064/,P. Pogba,Paul Pogba,27.0,France,Manchester United,[England] Premier Le,CM,86.0,84kg / 185lbs,Right,86.0,CM,0.0,"Aug 9, 2016",,€72M,€190K,€136.8M,396.0,77.0,75.0,74.0,86.0,84.0,437.0,88.0,85.0,82.0,92.0,90.0,367.0,66.0,79.0,73.0,81.0,68.0,419.0,90.0,82.0,75.0,89.0,83.0,396.0,78.0,65.0,82.0,88.0,83.0,88.0,189.0,59.0,67.0,63.0,20.0,5.0,6.0,4.0,3.0,2224.0,473.0,4.0,5.0,High,Medium,4.0,73.0,81.0,85.0,86.0,65.0,83.0,2020-2021
16,2020-2021,Manchester United,Edinson Cavani,1355,26,17,9,0.0066420664206642,179813.0,/player/179813/edinson-cavani/210064/,E. Cavani,Edinson Cavani,33.0,Uruguay,Manchester United,[England] Premier Le,ST,84.0,77kg / 170lbs,Right,84.0,ST,0.0,"Oct 5, 2020",,€27M,€175K,€51.3M,404.0,68.0,87.0,87.0,76.0,86.0,360.0,75.0,77.0,75.0,52.0,81.0,353.0,66.0,72.0,68.0,90.0,57.0,411.0,87.0,88.0,84.0,77.0,75.0,390.0,83.0,54.0,92.0,76.0,85.0,85.0,144.0,57.0,48.0,39.0,53.0,12.0,5.0,13.0,10.0,2115.0,437.0,4.0,3.0,High,High,4.0,69.0,85.0,71.0,76.0,55.0,81.0,2020-2021
17,2020-2021,Manchester United,Mason Greenwood,1798,36,25,11,0.0061179087875417,246147.0,/player/246147/mason-greenwood/210064/,M. Greenwood,Mason Greenwood,18.0,England,Manchester United,[England] Premier Le,CAM,89.0,70kg / 154lbs,Left,79.0,CAM,11.0,"Oct 2, 2018",,€29.5M,€35K,€62M,355.0,72.0,77.0,64.0,74.0,68.0,369.0,81.0,75.0,65.0,70.0,78.0,398.0,80.0,84.0,81.0,77.0,76.0,369.0,83.0,67.0,72.0,69.0,78.0,305.0,58.0,34.0,76.0,73.0,64.0,75.0,107.0,35.0,39.0,33.0,34.0,5.0,6.0,9.0,8.0,1937.0,417.0,5.0,3.0,High,Medium,1.0,82.0,77.0,72.0,80.0,39.0,67.0,2020-2021
18,2020-2021,Manchester United,Fred,2396,47,23,24,0.010016694490818,209297.0,/player/209297/frederico-de-paula-santos/210064/,Fred,Frederico de Paula Santos,27.0,Brazil,Manchester United,[England] Premier Le,CDM,82.0,62kg / 137lbs,Left,81.0,CDM,1.0,"Jun 21, 2018",,€26.5M,€115K,€52.3M,334.0,72.0,62.0,52.0,83.0,65.0,393.0,81.0,77.0,74.0,81.0,80.0,420.0,79.0,79.0,88.0,87.0,87.0,373.0,78.0,80.0,93.0,54.0,68.0,381.0,87.0,82.0,70.0,76.0,66.0,79.0,226.0,76.0,79.0,71.0,64.0,7.0,16.0,11.0,15.0,2191.0,453.0,4.0,4.0,High,High,1.0,79.0,67.0,78.0,82.0,75.0,72.0,2020-2021
19,2020-2021,Manchester United,Bruno Fernandes,3109,66,34,32,0.0102926986169186,212198.0,/player/212198/bruno-miguel-borges-fernandes/210064/,Bruno Fernandes,Bruno Miguel Borges Fernandes,25.0,Portugal,Manchester United,[England] Premier Le,CAM,91.0,69kg / 152lbs,Right,89.0,CAM,3.0,"Jan 30, 2020",,€121M,€240K,€239M,412.0,87.0,83.0,64.0,91.0,87.0,433.0,83.0,87.0,87.0,88.0,88.0,402.0,78.0,75.0,79.0,91.0,79.0,414.0,89.0,73.0,93.0,70.0,89.0,413.0,78.0,66.0,87.0,91.0,91.0,87.0,210.0,72.0,73.0,65.0,63.0,12.0,14.0,8.0,14.0,2347.0,483.0,3.0,4.0,High,High,2.0,76.0,86.0,89.0,84.0,70.0,78.0,2020-2021
20,2020-2021,Manchester United,Luke Shaw,2647,48,31,17,0.0064223649414431,205988.0,/player/205988/luke-shaw/210064/,L. Shaw,Luke Shaw,24.0,England,Manchester United,[England] Premier Le,LWB,85.0,75kg / 165lbs,Left,83.0,LWB,3.0,"Jun 27, 2014",,€38.5M,€105K,€76M,341.0,84.0,44.0,78.0,81.0,54.0,366.0,80.0,83.0,54.0,69.0,80.0,392.0,77.0,81.0,76.0,81.0,77.0,360.0,70.0,80.0,79.0,77.0,54.0,364.0,84.0,78.0,78.0,80.0,44.0,82.0,245.0,83.0,83.0,79.0,49.0,10.0,12.0,7.0,7.0,2117.0,450.0,2.0,3.0,High,Medium,2.0,79.0,53.0,78.0,80.0,81.0,79.0,2020-2021
21,2020-2021,Manchester United,Aaron Wan-Bissaka,3060,64,35,29,0.0094771241830065,229880.0,/player/229880/aaron-wan-bissaka/210064/,A. Wan-Bissaka,Aaron Wan-Bissaka,22.0,England,Manchester United,[England] Premier Le,RWB,87.0,72kg / 159lbs,Right,84.0,RWB,4.0,"Jun 29, 2019",,€49.5M,€115K,€97.8M,294.0,75.0,46.0,55.0,75.0,43.0,333.0,81.0,73.0,45.0,58.0,76.0,411.0,84.0,88.0,85.0,82.0,72.0,336.0,70.0,67.0,81.0,72.0,46.0,353.0,78.0,83.0,70.0,66.0,56.0,76.0,257.0,80.0,86.0,91.0,39.0,9.0,8.0,8.0,8.0,2023.0,443.0,2.0,4.0,Medium,High,1.0,86.0,52.0,69.0,80.0,81.0,75.0,2020-2021
22,2020-2021,Manchester United,Scott McTominay,2107,47,23,24,0.0113906027527289,237238.0,/player/237238/scott-mctominay/210064/,S. McTominay,Scott McTominay,23.0,Scotland,Manchester United,[England] Premier Le,CDM,85.0,88kg / 194lbs,Right,81.0,CDM,5.0,"Jul 1, 2013",,€29M,€90K,€57.3M,360.0,70.0,70.0,78.0,80.0,62.0,360.0,78.0,72.0,55.0,78.0,77.0,343.0,67.0,68.0,67.0,79.0,62.0,405.0,85.0,70.0,85.0,84.0,81.0,370.0,88.0,76.0,71.0,75.0,60.0,78.0,229.0,74.0,81.0,74.0,42.0,9.0,6.0,10.0,11.0,2109.0,454.0,3.0,3.0,High,High,1.0,68.0,74.0,75.0,76.0,77.0,84.0,2020-2021
23,2020-2021,Manchester United,Dean Henderson,1124,26,12,14,0.0124555160142348,233306.0,/player/233306/dean-henderson/210064/,D. Henderson,Dean Henderson,23.0,England,Manchester United,[England] Premier Le,GK,87.0,85kg / 187lbs,Right,80.0,GK,7.0,"Aug 25, 2015",,€36M,€70K,€75.6M,78.0,14.0,9.0,13.0,37.0,5.0,113.0,13.0,13.0,10.0,45.0,32.0,295.0,51.0,48.0,61.0,79.0,56.0,219.0,56.0,63.0,34.0,60.0,6.0,89.0,21.0,11.0,8.0,33.0,16.0,56.0,45.0,17.0,14.0,14.0,394.0,80.0,79.0,77.0,83.0,1233.0,443.0,3.0,1.0,Medium,Medium,1.0,80.0,79.0,75.0,83.0,49.0,77.0,2020-2021
24,2020-2021,Manchester United,Eric Bailly,908,15,15,0,0.0,225508.0,/player/225508/eric-bailly/210064/,E. Bailly,Eric Bailly,26.0,Côte d'Ivoire,Manchester United,[England] Premier Le,CB,82.0,77kg / 170lbs,Right,81.0,CB,3.0,"Jul 1, 2016",,€20.5M,€100K,€40.5M,272.0,51.0,33.0,78.0,68.0,42.0,276.0,64.0,46.0,43.0,60.0,63.0,354.0,69.0,77.0,69.0,78.0,61.0,332.0,55.0,84.0,60.0,85.0,48.0,313.0,85.0,80.0,47.0,55.0,46.0,78.0,237.0,76.0,80.0,81.0,55.0,14.0,14.0,9.0,8.0,1839.0,396.0,3.0,3.0,Medium,High,2.0,73.0,42.0,58.0,65.0,79.0,79.0,2020-2021
25,2020-2021,Manchester United,Juan Mata,509,13,5,8,0.0157170923379174,178088.0,/player/178088/juan-manuel-mata-garcia/210064/,Juan Mata,Juan Manuel Mata García,32.0,Spain,Manchester United,[England] Premier Le,CAM,78.0,63kg / 139lbs,Left,78.0,CAM,0.0,"Jan 25, 2014",,€11M,€100K,€20.9M,359.0,79.0,70.0,56.0,83.0,71.0,411.0,80.0,85.0,84.0,78.0,84.0,358.0,60.0,53.0,76.0,80.0,89.0,289.0,72.0,58.0,56.0,34.0,69.0,328.0,46.0,39.0,80.0,83.0,80.0,84.0,90.0,38.0,31.0,21.0,46.0,9.0,10.0,5.0,8.0,1881.0,369.0,3.0,4.0,Medium,Medium,3.0,56.0,71.0,82.0,81.0,36.0,43.0,2020-2021
26,2020-2021,Manchester United,Marcus Rashford,2922,55,37,18,0.0061601642710472,231677.0,/player/231677/marcus-rashford/210064/,M. Rashford,Marcus Rashford,22.0,England,Manchester United,[England] Premier Le,CAM,91.0,70kg / 154lbs,Right,86.0,CAM,6.0,"Jul 1, 2014",,€86.5M,€150K,€181.7M,388.0,80.0,85.0,68.0,82.0,73.0,404.0,88.0,83.0,76.0,72.0,85.0,427.0,89.0,93.0,85.0,85.0,75.0,411.0,92.0,75.0,87.0,76.0,81.0,361.0,73.0,42.0,83.0,82.0,81.0,80.0,116.0,45.0,38.0,33.0,53.0,11.0,6.0,7.0,14.0,2160.0,463.0,3.0,5.0,High,Medium,2.0,91.0,85.0,80.0,86.0,43.0,78.0,2020-2021
27,2020-2021,Manchester United,Alex Telles,692,15,11,4,0.0057803468208092,212462.0,/player/212462/alex-nicolao-telles/210064/,Alex Telles,Alex Nicolao Telles,27.0,Brazil,Manchester United,[England] Premier Le,LB,83.0,71kg / 157lbs,Left,83.0,LB,0.0,"Oct 5, 2020",,€35M,€135K,€66.5M,368.0,87.0,65.0,70.0,82.0,64.0,410.0,78.0,87.0,79.0,85.0,81.0,392.0,82.0,84.0,75.0,81.0,70.0,407.0,87.0,81.0,88.0,68.0,83.0,390.0,76.0,79.0,76.0,78.0,81.0,76.0,232.0,77.0,78.0,77.0,58.0,13.0,8.0,11.0,14.0,2257.0,470.0,2.0,3.0,High,Medium,3.0,83.0,74.0,83.0,78.0,77.0,75.0,2020-2021
28,2020-2021,Manchester United,Nemanja Matić,1089,19,17,2,0.0018365472910927,191202.0,/player/191202/nemanja-matic/210064/,N. Matić,Nemanja Matić,31.0,Serbia,Manchester United,[England] Premier Le,CDM,79.0,83kg / 183lbs,Left,79.0,CDM,0.0,"Jul 31, 2017",,€12.5M,€100K,€23.8M,359.0,70.0,59.0,75.0,82.0,73.0,375.0,77.0,70.0,67.0,82.0,79.0,259.0,42.0,45.0,47.0,78.0,47.0,363.0,84.0,63.0,61.0,83.0,72.0,352.0,76.0,80.0,64.0,68.0,64.0,83.0,235.0,82.0,81.0,72.0,57.0,7.0,15.0,14.0,9.0,2000.0,415.0,3.0,3.0,Low,Medium,3.0,44.0,68.0,75.0,73.0,80.0,75.0,2020-2021
29,2020-2021,Manchester United,Donny van de Beek,475,15,10,5,0.0105263157894736,221363.0,/player/221363/donny-van-de-beek/210064/,D. van de Beek,Donny van de Beek,23.0,Netherlands,Manchester United,[England] Premier Le,CM,86.0,74kg / 163lbs,Right,83.0,CM,5.0,"Sep 2, 2020",,€38.5M,€110K,€76M,375.0,67.0,78.0,69.0,81.0,80.0,382.0,76.0,78.0,65.0,78.0,85.0,365.0,67.0,73.0,75.0,81.0,69.0,394.0,83.0,71.0,86.0,76.0,78.0,371.0,76.0,73.0,80.0,79.0,63.0,84.0,213.0,72.0,73.0,68.0,51.0,7.0,12.0,10.0,14.0,2151.0,453.0,3.0,3.0,High,Medium,3.0,70.0,78.0,76.0,79.0,72.0,78.0,2020-2021
30,2019-2020,Manchester United,David de Gea,3510,65,37,28,0.0079772079772079,193080.0,/player/193080/david-de-gea-quintana/200061/,De Gea,David de Gea,28.0,Spain,Manchester United,[England] Premier Le,GK,88.0,82kg / 181lbs,Right,88.0,GK,0.0,"Jul 1, 2011",,€43.5M,€195K,€82.7M,114.0,17.0,13.0,21.0,50.0,13.0,143.0,18.0,21.0,19.0,47.0,38.0,307.0,57.0,58.0,63.0,86.0,43.0,241.0,59.0,67.0,43.0,60.0,12.0,174.0,38.0,30.0,12.0,65.0,29.0,68.0,59.0,25.0,21.0,13.0,424.0,90.0,81.0,84.0,91.0,1462.0,482.0,3.0,1.0,Medium,Medium,4.0,90.0,81.0,78.0,91.0,58.0,84.0,2019-2020
31,2019-2020,Manchester United,Victor Lindelöf,3184,60,33,27,0.0084798994974874,221660.0,/player/221660/victor-lindelof/200061/,V. Lindelöf,Victor Lindelöf,24.0,Sweden,Manchester United,[England] Premier Le,CDM,85.0,80kg / 176lbs,Right,82.0,CDM,4.0,"Jul 1, 2017",,€21M,€95K,€41.5M,299.0,62.0,42.0,78.0,79.0,38.0,348.0,71.0,64.0,59.0,78.0,76.0,359.0,71.0,76.0,67.0,83.0,62.0,351.0,70.0,76.0,77.0,76.0,52.0,339.0,81.0,81.0,51.0,72.0,54.0,83.0,247.0,83.0,84.0,80.0,52.0,12.0,16.0,7.0,9.0,1995.0,427.0,4.0,3.0,Medium,High,2.0,74.0,50.0,72.0,72.0,82.0,77.0,2019-2020
32,2019-2020,Manchester United,Harry Maguire,3510,65,37,28,0.0079772079772079,203263.0,/player/203263/harry-maguire/200061/,H. Maguire,Harry Maguire,26.0,England,Manchester United,[England] Premier Le,CB,86.0,100kg / 220lbs,Right,84.0,CB,3.0,"Aug 5, 2019",,€28.5M,€135K,€56.3M,310.0,51.0,48.0,86.0,78.0,47.0,314.0,71.0,44.0,46.0,77.0,76.0,292.0,47.0,53.0,54.0,82.0,56.0,366.0,68.0,84.0,74.0,88.0,52.0,342.0,84.0,82.0,61.0,71.0,44.0,83.0,243.0,81.0,83.0,79.0,62.0,14.0,16.0,14.0,9.0,1929.0,408.0,3.0,2.0,High,High,2.0,50.0,53.0,68.0,71.0,82.0,84.0,2019-2020
33,2019-2020,Manchester United,Paul Pogba,1204,31,9,22,0.0182724252491694,195864.0,/player/195864/paul-pogba/200061/,P. Pogba,Paul Pogba,26.0,France,Manchester United,[England] Premier Le,CM,88.0,84kg / 185lbs,Right,87.0,CM,1.0,"Aug 9, 2016",,€58M,€210K,€114.6M,400.0,80.0,75.0,75.0,86.0,84.0,434.0,87.0,85.0,82.0,90.0,90.0,366.0,67.0,79.0,73.0,81.0,66.0,427.0,90.0,82.0,84.0,89.0,82.0,396.0,78.0,64.0,83.0,88.0,83.0,87.0,195.0,63.0,67.0,65.0,20.0,5.0,6.0,4.0,3.0,2238.0,477.0,4.0,5.0,High,Medium,4.0,74.0,81.0,86.0,85.0,66.0,85.0,2019-2020
34,2019-2020,Manchester United,Anthony Martial,2724,56,27,29,0.0106461086637298,211300.0,/player/211300/anthony-martial/200061/,A. Martial,Anthony Martial,23.0,France,Manchester United,[England] Premier Le,ST,87.0,76kg / 168lbs,Right,84.0,ST,4.0,"Sep 1, 2015",,€34.5M,€140K,€68.1M,377.0,72.0,82.0,71.0,78.0,74.0,372.0,87.0,82.0,54.0,63.0,86.0,421.0,88.0,89.0,84.0,81.0,79.0,381.0,83.0,70.0,75.0,76.0,77.0,340.0,58.0,42.0,82.0,77.0,81.0,80.0,109.0,34.0,39.0,36.0,51.0,9.0,8.0,15.0,11.0,2051.0,442.0,3.0,4.0,Medium,Medium,3.0,89.0,81.0,73.0,86.0,41.0,72.0,2019-2020
35,2019-2020,Manchester United,Marcus Rashford,2655,56,28,28,0.0105461393596986,231677.0,/player/231677/marcus-rashford/200061/,M. Rashford,Marcus Rashford,21.0,England,Manchester United,[England] Premier Le,RM,89.0,70kg / 154lbs,Right,85.0,RM,5.0,"Jul 1, 2014",,€41.5M,€120K,€83M,383.0,75.0,83.0,72.0,77.0,76.0,395.0,86.0,82.0,76.0,67.0,84.0,429.0,89.0,94.0,86.0,85.0,75.0,406.0,90.0,72.0,87.0,76.0,81.0,358.0,73.0,42.0,84.0,79.0,80.0,80.0,120.0,47.0,40.0,33.0,53.0,11.0,6.0,7.0,14.0,2144.0,460.0,3.0,5.0,High,Medium,2.0,92.0,84.0,76.0,85.0,45.0,78.0,2019-2020
36,2019-2020,Manchester United,Bruno Fernandes,1193,28,6,22,0.0184409052808046,212198.0,/player/212198/bruno-miguel-borges-fernandes/200061/,Bruno Fernandes,Bruno Miguel Borges Fernandes,24.0,Portugal,Manchester United,[England] Premier Le,CAM,89.0,69kg / 152lbs,Right,87.0,CAM,3.0,"Jan 30, 2020",,€56.5M,€165K,€111.6M,394.0,87.0,77.0,58.0,86.0,86.0,432.0,85.0,86.0,87.0,87.0,87.0,399.0,79.0,77.0,80.0,84.0,79.0,411.0,89.0,72.0,94.0,67.0,89.0,405.0,70.0,74.0,83.0,88.0,90.0,86.0,195.0,72.0,68.0,55.0,63.0,12.0,14.0,8.0,14.0,2299.0,476.0,4.0,4.0,High,High,2.0,78.0,83.0,87.0,85.0,68.0,75.0,2019-2020
37,2019-2020,Manchester United,Mason Greenwood,1295,35,14,21,0.0162162162162162,246147.0,/player/246147/mason-greenwood/200061/,M. Greenwood,Mason Greenwood,17.0,England,Manchester United,[England] Premier Le,ST,89.0,70kg / 154lbs,Left,75.0,ST,15.0,"Oct 2, 2018",,€11M,€17K,€27.8M,339.0,64.0,74.0,66.0,71.0,64.0,342.0,73.0,67.0,65.0,65.0,72.0,373.0,78.0,81.0,78.0,72.0,64.0,346.0,76.0,63.0,69.0,65.0,73.0,296.0,55.0,34.0,74.0,69.0,64.0,73.0,107.0,35.0,39.0,33.0,34.0,5.0,6.0,9.0,8.0,1837.0,397.0,5.0,3.0,High,Medium,1.0,80.0,73.0,68.0,73.0,39.0,64.0,2019-2020
38,2019-2020,Manchester United,Nemanja Matić,1673,36,15,21,0.0125523012552301,191202.0,/player/191202/nemanja-matic/200061/,N. Matić,Nemanja Matić,30.0,Serbia,Manchester United,[England] Premier Le,CDM,80.0,83kg / 183lbs,Left,80.0,CDM,0.0,"Jul 31, 2017",,€12M,€105K,€22.8M,359.0,71.0,59.0,74.0,82.0,73.0,376.0,79.0,70.0,67.0,83.0,77.0,261.0,45.0,51.0,43.0,75.0,47.0,370.0,84.0,65.0,66.0,83.0,72.0,361.0,77.0,80.0,69.0,71.0,64.0,81.0,236.0,80.0,82.0,74.0,57.0,7.0,15.0,14.0,9.0,2020.0,421.0,3.0,3.0,Low,Medium,3.0,48.0,68.0,76.0,73.0,79.0,77.0,2019-2020
39,2019-2020,Manchester United,Brandon Williams,1069,19,12,7,0.0065481758652946,243414.0,/player/243414/brandon-williams/200061/,B. Williams,Brandon Williams,18.0,England,Manchester United,[England] Premier Le,LB,86.0,70kg / 154lbs,Right,73.0,LB,14.0,"Apr 30, 2018",,€6M,€16K,€15.2M,299.0,64.0,54.0,59.0,69.0,53.0,288.0,72.0,57.0,30.0,59.0,70.0,373.0,79.0,84.0,76.0,70.0,64.0,326.0,68.0,72.0,74.0,62.0,50.0,318.0,80.0,72.0,65.0,60.0,41.0,70.0,206.0,68.0,69.0,69.0,48.0,10.0,13.0,7.0,7.0,1858.0,408.0,3.0,3.0,High,Medium,1.0,82.0,56.0,62.0,71.0,68.0,69.0,2019-2020
40,2019-2020,Manchester United,Juan Mata,718,7,8,-1,-0.0013927576601671,178088.0,/player/178088/juan-manuel-mata-garcia/200061/,Juan Mata,Juan Manuel Mata García,31.0,Spain,Manchester United,[England] Premier Le,CAM,80.0,63kg / 139lbs,Left,80.0,CAM,0.0,"Jan 25, 2014",,€13M,€115K,€24.7M,362.0,80.0,71.0,56.0,84.0,71.0,413.0,81.0,85.0,84.0,78.0,85.0,366.0,62.0,56.0,78.0,81.0,89.0,298.0,74.0,61.0,60.0,34.0,69.0,330.0,46.0,39.0,82.0,83.0,80.0,85.0,90.0,38.0,31.0,21.0,46.0,9.0,10.0,5.0,8.0,1905.0,375.0,3.0,4.0,Medium,Medium,3.0,59.0,72.0,82.0,82.0,36.0,44.0,2019-2020
41,2019-2020,Manchester United,Jesse Lingard,919,16,12,4,0.0043525571273122,207494.0,/player/207494/jesse-lingard/200061/,J. Lingard,Jesse Lingard,26.0,England,Manchester United,[England] Premier Le,CAM,78.0,62kg / 137lbs,Right,78.0,CAM,0.0,"Jul 1, 2011",,€11M,€100K,€20.9M,366.0,74.0,74.0,67.0,77.0,74.0,366.0,78.0,79.0,68.0,63.0,78.0,407.0,79.0,78.0,86.0,80.0,84.0,373.0,79.0,70.0,84.0,62.0,78.0,355.0,74.0,54.0,80.0,77.0,70.0,77.0,169.0,63.0,57.0,49.0,54.0,14.0,10.0,13.0,9.0,2090.0,435.0,3.0,4.0,High,High,2.0,78.0,76.0,74.0,79.0,58.0,70.0,2019-2020
42,2019-2020,Manchester United,Fred,2249,34,27,7,0.0031124944419742,209297.0,/player/209297/frederico-r-de-paula-santos/200061/,Fred,Frederico R. de Paula Santos,26.0,Brazil,Manchester United,[England] Premier Le,CM,82.0,62kg / 137lbs,Left,82.0,CM,2.0,"Jun 21, 2018",,€16M,€105K,€31.6M,346.0,74.0,69.0,53.0,80.0,70.0,393.0,81.0,74.0,74.0,81.0,83.0,412.0,79.0,77.0,86.0,83.0,87.0,370.0,78.0,80.0,86.0,56.0,70.0,380.0,81.0,82.0,71.0,80.0,66.0,82.0,225.0,74.0,79.0,72.0,64.0,7.0,16.0,11.0,15.0,2190.0,455.0,4.0,4.0,High,High,1.0,78.0,71.0,78.0,83.0,75.0,70.0,2019-2020
43,2019-2020,Manchester United,Daniel James,2365,32,29,3,0.0012684989429175,232104.0,/player/232104/daniel-james/200061/,D. James,Daniel James,21.0,Wales,Manchester United,[England] Premier Le,RM,83.0,76kg / 168lbs,Right,78.0,RM,6.0,"Jun 12, 2019",,€12M,€69K,€26.3M,308.0,74.0,68.0,44.0,72.0,50.0,337.0,75.0,70.0,54.0,62.0,76.0,430.0,96.0,95.0,84.0,74.0,81.0,338.0,78.0,53.0,86.0,52.0,69.0,314.0,68.0,40.0,74.0,68.0,64.0,70.0,123.0,50.0,39.0,34.0,48.0,7.0,6.0,15.0,9.0,1898.0,416.0,4.0,3.0,High,High,1.0,95.0,69.0,69.0,76.0,43.0,64.0,2019-2020
44,2019-2020,Manchester United,Aaron Wan-Bissaka,3161,62,34,28,0.0088579563429294,229880.0,/player/229880/aaron-wan-bissaka/200061/,A. Wan-Bissaka,Aaron Wan-Bissaka,21.0,England,Manchester United,[England] Premier Le,RB,89.0,72kg / 159lbs,Right,83.0,RB,7.0,"Jun 29, 2019",,€27.5M,€88K,€58.8M,290.0,71.0,44.0,58.0,74.0,43.0,322.0,82.0,62.0,45.0,56.0,77.0,411.0,85.0,88.0,85.0,80.0,73.0,325.0,68.0,62.0,78.0,71.0,46.0,347.0,78.0,82.0,67.0,64.0,56.0,76.0,256.0,81.0,85.0,90.0,39.0,9.0,8.0,8.0,8.0,1990.0,440.0,2.0,4.0,Medium,High,1.0,87.0,51.0,67.0,80.0,81.0,74.0,2019-2020
45,2019-2020,Manchester United,Scott McTominay,1752,27,18,9,0.0051369863013698,237238.0,/player/237238/scott-mctominay/200061/,S. McTominay,Scott McTominay,22.0,Scotland,Manchester United,[England] Premier Le,CDM,86.0,88kg / 194lbs,Right,81.0,CDM,7.0,"Jul 1, 2013",,€17.5M,€95K,€36.8M,355.0,70.0,66.0,77.0,80.0,62.0,359.0,77.0,70.0,55.0,79.0,78.0,351.0,69.0,68.0,71.0,78.0,65.0,396.0,81.0,70.0,85.0,85.0,75.0,360.0,80.0,79.0,68.0,74.0,59.0,78.0,231.0,78.0,81.0,72.0,42.0,9.0,6.0,10.0,11.0,2094.0,450.0,3.0,3.0,High,High,1.0,68.0,70.0,75.0,76.0,78.0,83.0,2019-2020
46,2018-2019,Manchester United,David de Gea,3420,65,51,14,0.0040935672514619,193080.0,/player/193080/david-de-gea-quintana/190075/,De Gea,David de Gea,27.0,Spain,Manchester United,[England] Premier Le,GK,92.0,82kg / 181lbs,Right,88.0,GK,2.0,"Jul 1, 2011",,€62.5M,€200K,€123.4M,114.0,17.0,13.0,21.0,50.0,13.0,143.0,18.0,21.0,19.0,47.0,38.0,308.0,57.0,58.0,62.0,88.0,43.0,217.0,31.0,67.0,43.0,64.0,12.0,174.0,38.0,30.0,12.0,65.0,29.0,70.0,59.0,25.0,21.0,13.0,436.0,90.0,84.0,86.0,93.0,1451.0,494.0,3.0,1.0,Medium,Medium,4.0,90.0,84.0,83.0,93.0,58.0,86.0,2018-2019
47,2018-2019,Manchester United,Phil Jones,1255,29,16,13,0.0103585657370517,194957.0,/player/194957/phil-jones/190075/,P. Jones,Phil Jones,26.0,England,Manchester United,[England] Premier Le,CB,80.0,71kg / 157lbs,Right,78.0,CB,1.0,"Jul 1, 2011",,€12M,€110K,€23.7M,304.0,60.0,44.0,78.0,73.0,49.0,262.0,58.0,38.0,35.0,67.0,64.0,297.0,54.0,59.0,52.0,77.0,55.0,347.0,68.0,82.0,64.0,79.0,54.0,312.0,86.0,80.0,42.0,54.0,50.0,65.0,237.0,76.0,80.0,81.0,51.0,10.0,8.0,16.0,11.0,1810.0,386.0,3.0,2.0,Medium,High,2.0,57.0,51.0,62.0,60.0,79.0,77.0,2018-2019
48,2018-2019,Manchester United,Paul Pogba,3011,56,41,15,0.0049817336433078,195864.0,/player/195864/paul-pogba/190075/,P. Pogba,Paul Pogba,25.0,France,Manchester United,[England] Premier Le,CM,91.0,84kg / 185lbs,Right,85.0,CM,3.0,"Aug 9, 2016",,€73M,€250K,€144.2M,401.0,80.0,75.0,75.0,86.0,85.0,434.0,87.0,85.0,82.0,90.0,90.0,374.0,71.0,79.0,76.0,82.0,66.0,430.0,90.0,83.0,88.0,87.0,82.0,395.0,78.0,64.0,83.0,88.0,82.0,87.0,197.0,63.0,67.0,67.0,20.0,5.0,6.0,4.0,3.0,2251.0,479.0,4.0,5.0,High,Medium,4.0,75.0,81.0,86.0,86.0,66.0,85.0,2018-2019
49,2018-2019,Manchester United,Marcus Rashford,2362,45,34,11,0.0046570702794242,231677.0,/player/231677/marcus-rashford/190075/,M. Rashford,Marcus Rashford,20.0,England,Manchester United,[England] Premier Le,ST,90.0,70kg / 154lbs,Right,83.0,ST,7.0,"Jul 1, 2014",,€37.5M,€130K,€78.8M,376.0,74.0,81.0,73.0,76.0,72.0,394.0,84.0,81.0,80.0,65.0,84.0,430.0,90.0,93.0,88.0,82.0,77.0,396.0,87.0,68.0,86.0,76.0,79.0,350.0,73.0,42.0,84.0,76.0,75.0,78.0,110.0,37.0,40.0,33.0,53.0,11.0,6.0,7.0,14.0,2109.0,451.0,3.0,5.0,High,High,2.0,92.0,81.0,74.0,84.0,42.0,78.0,2018-2019
50,2018-2019,Manchester United,Chris Smalling,2128,35,33,2,0.0009398496240601,189881.0,/player/189881/chris-smalling/190075/,C. Smalling,Chris Smalling,28.0,England,Manchester United,[England] Premier Le,CB,80.0,81kg / 179lbs,Right,79.0,CB,0.0,"Jul 1, 2010",,€12M,€120K,€22.8M,302.0,52.0,54.0,82.0,65.0,49.0,252.0,59.0,49.0,22.0,64.0,58.0,315.0,63.0,74.0,55.0,75.0,48.0,312.0,42.0,76.0,71.0,88.0,35.0,316.0,82.0,80.0,48.0,54.0,52.0,67.0,243.0,80.0,82.0,81.0,71.0,10.0,15.0,15.0,15.0,1811.0,395.0,3.0,2.0,Medium,High,3.0,69.0,47.0,57.0,59.0,81.0,82.0,2018-2019
51,2018-2019,Manchester United,Jesse Lingard,1661,35,24,11,0.0066225165562913,207494.0,/player/207494/jesse-lingard/190075/,J. Lingard,Jesse Lingard,25.0,England,Manchester United,[England] Premier Le,CAM,83.0,62kg / 137lbs,Right,82.0,CAM,1.0,"Jul 1, 2011",,€26.5M,€150K,€52.3M,372.0,76.0,79.0,67.0,80.0,70.0,376.0,83.0,80.0,63.0,66.0,84.0,416.0,82.0,79.0,86.0,83.0,86.0,374.0,80.0,69.0,89.0,56.0,80.0,367.0,74.0,53.0,86.0,83.0,71.0,84.0,159.0,65.0,50.0,44.0,54.0,14.0,10.0,13.0,9.0,2118.0,445.0,3.0,4.0,High,High,2.0,80.0,79.0,77.0,84.0,56.0,69.0,2018-2019
52,2018-2019,Manchester United,Andreas Pereira,580,7,12,-5,-0.0086206896551724,208450.0,/player/208450/andreas-hugo-hoelgebaum-pereira/190075/,Andreas Pereira,Andreas Hugo Hoelgebaum Pereira,22.0,Brazil,Manchester United,[England] Premier Le,CAM,82.0,71kg / 157lbs,Right,77.0,CAM,5.0,"Jan 1, 2013",,€11.5M,€90K,€22.7M,357.0,78.0,71.0,56.0,80.0,72.0,395.0,78.0,80.0,80.0,77.0,80.0,385.0,78.0,74.0,79.0,74.0,80.0,354.0,76.0,62.0,74.0,65.0,77.0,360.0,73.0,70.0,71.0,76.0,70.0,72.0,195.0,67.0,65.0,63.0,53.0,15.0,14.0,10.0,7.0,2099.0,441.0,4.0,4.0,Medium,Medium,1.0,76.0,73.0,78.0,79.0,66.0,69.0,2018-2019
53,2018-2019,Manchester United,Ashley Young,2601,50,42,8,0.0030757400999615,152908.0,/player/152908/ashley-young/190075/,A. Young,Ashley Young,32.0,England,Manchester United,[England] Premier Le,RB,79.0,65kg / 143lbs,Right,77.0,RB,0.0,"Jul 1, 2011",,€7M,€110K,€13.3M,350.0,81.0,64.0,57.0,77.0,71.0,377.0,75.0,85.0,75.0,65.0,77.0,381.0,77.0,74.0,76.0,78.0,76.0,336.0,75.0,55.0,74.0,69.0,63.0,362.0,84.0,78.0,68.0,72.0,60.0,74.0,228.0,74.0,78.0,76.0,72.0,16.0,10.0,16.0,15.0,2106.0,440.0,3.0,4.0,High,Medium,2.0,75.0,66.0,75.0,76.0,75.0,73.0,2018-2019
54,2018-2019,Manchester United,Diogo Dalot,1001,21,16,5,0.0049950049950049,234574.0,/player/234574/jose-diogo-dalot-teixeira/190075/,Diogo Dalot,José Diogo Dalot Teixeira,19.0,Portugal,Manchester United,[England] Premier Le,RM,85.0,76kg / 168lbs,Right,74.0,RM,11.0,"Jun 9, 2018",,€8M,€30K,€16.8M,312.0,77.0,52.0,65.0,74.0,44.0,332.0,78.0,75.0,44.0,60.0,75.0,370.0,78.0,77.0,69.0,76.0,70.0,369.0,76.0,77.0,78.0,74.0,64.0,333.0,80.0,71.0,73.0,66.0,43.0,76.0,205.0,69.0,69.0,67.0,40.0,10.0,6.0,6.0,8.0,1961.0,426.0,3.0,3.0,High,Medium,1.0,77.0,59.0,69.0,76.0,69.0,76.0,2018-2019
55,2018-2019,Manchester United,Scott McTominay,840,12,16,-4,-0.0047619047619047,237238.0,/player/237238/scott-mctominay/190075/,S. McTominay,Scott McTominay,21.0,Scotland,Manchester United,[England] Premier Le,CDM,83.0,88kg / 194lbs,Right,74.0,CDM,8.0,"Jul 1, 2013",,€8.5M,€60K,€17.9M,327.0,66.0,58.0,74.0,76.0,53.0,306.0,70.0,56.0,34.0,71.0,75.0,311.0,62.0,65.0,64.0,69.0,51.0,365.0,74.0,69.0,77.0,81.0,64.0,342.0,74.0,75.0,63.0,71.0,59.0,76.0,215.0,72.0,74.0,69.0,42.0,9.0,6.0,10.0,11.0,1908.0,416.0,3.0,3.0,Medium,High,1.0,64.0,62.0,69.0,70.0,73.0,78.0,2018-2019
56,2018-2019,Manchester United,Juan Mata,1289,28,15,13,0.0100853374709076,178088.0,/player/178088/juan-manuel-mata-garcia/190075/,Juan Mata,Juan Manuel Mata García,30.0,Spain,Manchester United,[England] Premier Le,CAM,82.0,61kg / 134lbs,Left,82.0,CAM,0.0,"Jan 25, 2014",,€21M,€150K,€39.9M,373.0,83.0,78.0,56.0,85.0,71.0,418.0,81.0,85.0,86.0,80.0,86.0,389.0,69.0,62.0,84.0,85.0,89.0,316.0,74.0,67.0,68.0,35.0,72.0,339.0,50.0,39.0,84.0,86.0,80.0,87.0,90.0,38.0,31.0,21.0,46.0,9.0,10.0,5.0,8.0,1971.0,392.0,3.0,4.0,Medium,Medium,3.0,65.0,76.0,84.0,83.0,36.0,48.0,2018-2019
57,2018-2019,Manchester United,Anthony Martial,1616,31,23,8,0.0049504950495049,211300.0,/player/211300/anthony-martial/190075/,A. Martial,Anthony Martial,22.0,France,Manchester United,[England] Premier Le,RW,90.0,76kg / 168lbs,Right,83.0,RW,6.0,"Sep 1, 2015",,€42.5M,€160K,€89.3M,378.0,73.0,84.0,69.0,78.0,74.0,373.0,88.0,84.0,54.0,60.0,87.0,423.0,88.0,89.0,85.0,80.0,81.0,387.0,84.0,74.0,75.0,75.0,79.0,337.0,58.0,42.0,82.0,74.0,81.0,80.0,109.0,34.0,39.0,36.0,51.0,9.0,8.0,15.0,11.0,2058.0,444.0,3.0,4.0,Medium,Low,3.0,89.0,82.0,73.0,87.0,41.0,72.0,2018-2019
58,2018-2019,Manchester United,Fred,1037,17,19,-2,-0.0019286403085824,209297.0,/player/209297/frederico-r-de-paula-santos/190075/,Fred,Frederico R. de Paula Santos,25.0,Brazil,Manchester United,[England] Premier Le,CM,82.0,64kg / 141lbs,Left,79.0,CM,2.0,"Jun 21, 2018",,€18M,€120K,€35.6M,344.0,67.0,72.0,55.0,80.0,70.0,382.0,79.0,70.0,72.0,80.0,81.0,406.0,79.0,76.0,84.0,80.0,87.0,378.0,76.0,83.0,84.0,61.0,74.0,365.0,76.0,79.0,69.0,76.0,65.0,82.0,225.0,74.0,80.0,71.0,64.0,7.0,16.0,11.0,15.0,2164.0,453.0,4.0,4.0,High,High,1.0,77.0,73.0,76.0,81.0,75.0,71.0,2018-2019
59,2018-2019,Manchester United,Antonio Valencia,466,7,5,2,0.0042918454935622,167905.0,/player/167905/antonio-valencia/190075/,A. Valencia,Antonio Valencia,32.0,Ecuador,Manchester United,[England] Premier Le,RB,78.0,83kg / 183lbs,Right,78.0,RB,0.0,"Jun 30, 2009",,€5.5M,€100K,€10.5M,341.0,78.0,60.0,62.0,77.0,64.0,361.0,77.0,70.0,66.0,69.0,79.0,388.0,79.0,82.0,72.0,77.0,78.0,375.0,85.0,69.0,76.0,79.0,66.0,349.0,80.0,80.0,66.0,68.0,55.0,78.0,231.0,77.0,78.0,76.0,51.0,16.0,11.0,7.0,7.0,2096.0,451.0,2.0,3.0,High,Medium,2.0,81.0,66.0,73.0,77.0,76.0,78.0,2018-2019
60,2017-2018,Manchester United,Eric Bailly,990,24,5,19,0.0191919191919191,225508.0,/player/225508/eric-bailly/180084/,E. Bailly,Eric Bailly,23.0,Côte d'Ivoire,Manchester United,[England] Premier Le,CB,89.0,77kg / 170lbs,Right,83.0,CB,5.0,"Jul 1, 2016",,€35.5M,€150K,€68.3M,279.0,51.0,33.0,81.0,72.0,42.0,276.0,63.0,46.0,43.0,56.0,68.0,359.0,75.0,80.0,63.0,78.0,63.0,350.0,55.0,84.0,78.0,85.0,48.0,319.0,87.0,85.0,47.0,54.0,46.0,74.0,252.0,82.0,85.0,85.0,55.0,14.0,14.0,9.0,8.0,1890.0,412.0,3.0,2.0,Medium,High,2.0,78.0,42.0,59.0,65.0,84.0,84.0,2017-2018
61,2017-2018,Manchester United,Marcos Rojo,642,13,8,5,0.0077881619937694,201862.0,/player/201862/marcos-rojo/180084/,M. Rojo,Marcos Rojo,27.0,Argentina,Manchester United,[England] Premier Le,CB,81.0,80kg / 176lbs,Left,79.0,CB,1.0,"Aug 20, 2014",,€14M,€120K,€27M,327.0,75.0,50.0,81.0,72.0,49.0,332.0,67.0,67.0,57.0,73.0,68.0,352.0,71.0,72.0,71.0,75.0,63.0,378.0,79.0,82.0,74.0,80.0,63.0,348.0,92.0,78.0,57.0,57.0,64.0,71.0,234.0,78.0,79.0,77.0,52.0,7.0,8.0,15.0,10.0,2023.0,428.0,2.0,3.0,Medium,High,3.0,72.0,59.0,69.0,68.0,79.0,81.0,2017-2018
62,2017-2018,Manchester United,Alexis Sánchez,2555,47,30,17,0.0066536203522504,184941.0,/player/184941/alexis-sanchez/180084/,A. Sánchez,Alexis Sánchez,28.0,Chile,Manchester United,[England] Premier Le,LW,88.0,62kg / 137lbs,Right,85.0,LW,0.0,"Jan 22, 2018",,€60M,€325K,€111M,397.0,81.0,84.0,70.0,79.0,83.0,407.0,90.0,79.0,78.0,73.0,87.0,438.0,88.0,84.0,92.0,87.0,87.0,409.0,84.0,85.0,86.0,72.0,82.0,374.0,80.0,50.0,85.0,82.0,77.0,86.0,109.0,30.0,44.0,35.0,60.0,10.0,10.0,12.0,13.0,2194.0,458.0,3.0,4.0,High,Medium,4.0,86.0,83.0,79.0,89.0,43.0,78.0,2017-2018
63,2017-2018,Manchester United,Juan Mata,1925,34,9,25,0.0129870129870129,178088.0,/player/178088/juan-manuel-mata-garcia/180084/,Juan Mata,Juan Manuel Mata García,29.0,Spain,Manchester United,[England] Premier Le,CAM,83.0,63kg / 139lbs,Left,82.0,CAM,0.0,"Jan 25, 2014",,€25.5M,€150K,€47.2M,378.0,84.0,78.0,59.0,86.0,71.0,417.0,82.0,84.0,84.0,79.0,88.0,392.0,71.0,63.0,85.0,84.0,89.0,338.0,75.0,72.0,78.0,43.0,70.0,343.0,54.0,39.0,83.0,86.0,81.0,86.0,77.0,25.0,31.0,21.0,46.0,9.0,10.0,5.0,8.0,1991.0,400.0,3.0,3.0,Medium,Medium,3.0,67.0,76.0,84.0,85.0,33.0,55.0,2017-2018
64,2017-2018,Manchester United,Ashley Young,2440,43,24,19,0.0077868852459016,152908.0,/player/152908/ashley-young/180084/,A. Young,Ashley Young,31.0,England,Manchester United,[England] Premier Le,LB,79.0,65kg / 143lbs,Right,78.0,LB,0.0,"Jul 1, 2011",,€8M,€120K,€14.8M,362.0,87.0,64.0,59.0,79.0,73.0,387.0,78.0,86.0,72.0,71.0,80.0,396.0,80.0,78.0,81.0,80.0,77.0,343.0,75.0,57.0,75.0,67.0,69.0,359.0,75.0,76.0,67.0,76.0,65.0,70.0,217.0,72.0,74.0,71.0,72.0,16.0,10.0,16.0,15.0,2136.0,447.0,3.0,3.0,High,Medium,2.0,79.0,68.0,79.0,79.0,72.0,70.0,2017-2018
65,2017-2018,Manchester United,Marcus Rashford,1776,33,15,18,0.0101351351351351,231677.0,/player/231677/marcus-rashford/180084/,M. Rashford,Marcus Rashford,19.0,England,Manchester United,[England] Premier Le,RM,90.0,70kg / 154lbs,Right,81.0,RM,9.0,"Jul 1, 2014",,€26.5M,€70K,€54.3M,375.0,77.0,79.0,72.0,75.0,72.0,385.0,85.0,77.0,78.0,65.0,80.0,432.0,93.0,92.0,90.0,79.0,78.0,375.0,85.0,63.0,83.0,73.0,71.0,338.0,67.0,42.0,81.0,74.0,74.0,74.0,99.0,29.0,37.0,33.0,53.0,11.0,6.0,7.0,14.0,2057.0,440.0,4.0,4.0,High,Medium,2.0,92.0,78.0,74.0,83.0,39.0,74.0,2017-2018
66,2017-2018,Manchester United,Scott McTominay,613,8,2,6,0.0097879282218597,237238.0,/player/237238/scott-mctominay/180084/,S. McTominay,Scott McTominay,20.0,Scotland,Manchester United,[England] Premier Le,CDM,81.0,88kg / 194lbs,Right,67.0,CDM,13.0,"Jul 1, 2013",,€1.7M,€40K,€4.2M,318.0,66.0,55.0,70.0,74.0,53.0,278.0,61.0,50.0,34.0,65.0,68.0,314.0,68.0,70.0,62.0,62.0,52.0,345.0,67.0,65.0,73.0,79.0,61.0,326.0,72.0,66.0,63.0,66.0,59.0,70.0,183.0,60.0,64.0,59.0,42.0,9.0,6.0,10.0,11.0,1806.0,395.0,3.0,2.0,Medium,Medium,1.0,69.0,59.0,66.0,63.0,63.0,75.0,2017-2018
67,2017-2018,Manchester United,Phil Jones,1975,37,10,27,0.0136708860759493,194957.0,/player/194957/phil-jones/180084/,P. Jones,Phil Jones,25.0,England,Manchester United,[England] Premier Le,CB,81.0,71kg / 157lbs,Right,79.0,CB,1.0,"Jul 1, 2011",,€14.5M,€110K,€27.9M,327.0,64.0,50.0,78.0,75.0,60.0,268.0,60.0,38.0,35.0,67.0,68.0,317.0,60.0,65.0,54.0,79.0,59.0,366.0,68.0,83.0,75.0,81.0,59.0,322.0,85.0,81.0,42.0,59.0,55.0,72.0,241.0,78.0,81.0,82.0,51.0,10.0,8.0,16.0,11.0,1892.0,407.0,3.0,2.0,Medium,High,2.0,63.0,56.0,65.0,63.0,80.0,80.0,2017-2018
68,2017-2018,Manchester United,Paul Pogba,2162,48,19,29,0.0134135060129509,195864.0,/player/195864/paul-pogba/180084/,P. Pogba,Paul Pogba,24.0,France,Manchester United,[England] Premier Le,CM,92.0,84kg / 185lbs,Right,85.0,CM,4.0,"Aug 9, 2016",,€76M,€250K,€146.3M,400.0,80.0,73.0,75.0,87.0,85.0,430.0,87.0,84.0,82.0,88.0,89.0,376.0,75.0,78.0,76.0,84.0,63.0,439.0,90.0,85.0,91.0,91.0,82.0,395.0,78.0,70.0,83.0,88.0,76.0,87.0,202.0,64.0,70.0,68.0,20.0,5.0,6.0,4.0,3.0,2262.0,484.0,4.0,5.0,High,Low,4.0,77.0,79.0,86.0,85.0,69.0,88.0,2017-2018
69,2017-2018,Manchester United,Jesse Lingard,1812,40,17,23,0.0126931567328918,207494.0,/player/207494/jesse-lingard/180084/,J. Lingard,Jesse Lingard,24.0,England,Manchester United,[England] Premier Le,CAM,84.0,62kg / 137lbs,Right,81.0,CAM,3.0,"Jul 1, 2010",,€22.5M,€110K,€43.3M,356.0,72.0,78.0,64.0,78.0,64.0,364.0,83.0,77.0,56.0,65.0,83.0,419.0,85.0,83.0,85.0,82.0,84.0,369.0,78.0,65.0,85.0,61.0,80.0,353.0,73.0,53.0,84.0,78.0,65.0,79.0,146.0,52.0,50.0,44.0,54.0,14.0,10.0,13.0,9.0,2061.0,440.0,3.0,3.0,High,High,2.0,84.0,77.0,74.0,83.0,52.0,70.0,2017-2018
70,2017-2018,Manchester United,Ander Herrera,1249,20,14,6,0.0048038430744595,191740.0,/player/191740/ander-herrera-aguera/180084/,Ander Herrera,Ander Herrera Agüera,27.0,Spain,Manchester United,[England] Premier Le,CM,83.0,70kg / 154lbs,Right,83.0,CM,0.0,"Jun 26, 2014",,€26.5M,€140K,€49M,359.0,74.0,71.0,60.0,85.0,69.0,390.0,80.0,80.0,65.0,80.0,85.0,397.0,76.0,70.0,84.0,85.0,82.0,365.0,75.0,63.0,88.0,70.0,69.0,413.0,86.0,87.0,78.0,83.0,79.0,84.0,235.0,80.0,79.0,76.0,53.0,9.0,12.0,9.0,8.0,2212.0,463.0,4.0,3.0,High,High,3.0,73.0,72.0,80.0,82.0,79.0,77.0,2017-2018
71,2017-2018,Manchester United,Luke Shaw,788,14,2,12,0.015228426395939,205988.0,/player/205988/luke-shaw/180084/,L. Shaw,Luke Shaw,21.0,England,Manchester United,[England] Premier Le,LB,83.0,75kg / 165lbs,Left,78.0,LB,5.0,"Jun 27, 2014",,€11.5M,€80K,€22.1M,324.0,80.0,44.0,67.0,75.0,58.0,341.0,79.0,63.0,58.0,64.0,77.0,397.0,83.0,85.0,78.0,76.0,75.0,338.0,62.0,71.0,74.0,79.0,52.0,345.0,74.0,78.0,73.0,67.0,53.0,73.0,230.0,74.0,79.0,77.0,49.0,10.0,12.0,7.0,7.0,2024.0,437.0,2.0,2.0,High,Medium,2.0,84.0,52.0,71.0,78.0,76.0,76.0,2017-2018
72,2017-2018,Manchester United,Antonio Valencia,2743,56,20,36,0.0131243164418519,167905.0,/player/167905/antonio-valencia/180084/,A. Valencia,Antonio Valencia,31.0,Ecuador,Manchester United,[England] Premier Le,RWB,83.0,83kg / 183lbs,Right,83.0,RWB,0.0,"Jun 30, 2009",,€17M,€130K,€31.5M,357.0,83.0,60.0,64.0,80.0,70.0,367.0,81.0,69.0,66.0,70.0,81.0,419.0,88.0,87.0,75.0,86.0,83.0,394.0,85.0,70.0,88.0,85.0,66.0,365.0,84.0,82.0,73.0,71.0,55.0,83.0,239.0,78.0,83.0,78.0,51.0,16.0,11.0,7.0,7.0,2192.0,475.0,2.0,3.0,High,High,2.0,87.0,67.0,76.0,81.0,79.0,85.0,2017-2018
73,2016-2017,Manchester United,Eric Bailly,2107,36,17,19,0.0090175605125771,225508.0,/player/225508/eric-bailly/170099/,E. Bailly,Eric Bailly,22.0,Côte d'Ivoire,Manchester United,[England] Premier Le,CB,90.0,77kg / 170lbs,Right,82.0,CB,7.0,"Jul 1, 2016",,€28.5M,€100K,€0,261.0,41.0,33.0,79.0,72.0,36.0,271.0,59.0,46.0,43.0,60.0,63.0,382.0,81.0,83.0,76.0,77.0,65.0,356.0,55.0,86.0,83.0,84.0,48.0,310.0,86.0,85.0,44.0,49.0,46.0,74.0,255.0,83.0,85.0,87.0,55.0,14.0,14.0,9.0,8.0,1890.0,412.0,3.0,2.0,Medium,High,2.0,82.0,42.0,57.0,63.0,84.0,84.0,2016-2017
74,2016-2017,Manchester United,Phil Jones,1585,25,13,12,0.007570977917981,194957.0,/player/194957/phil-jones/170099/,P. Jones,Phil Jones,24.0,England,Manchester United,[England] Premier Le,CB,83.0,71kg / 157lbs,Right,79.0,CB,3.0,"Jul 1, 2011",,€15.5M,€100K,€0,324.0,64.0,50.0,75.0,75.0,60.0,269.0,60.0,38.0,35.0,67.0,69.0,306.0,55.0,68.0,43.0,78.0,62.0,370.0,68.0,83.0,80.0,80.0,59.0,320.0,85.0,79.0,42.0,59.0,55.0,73.0,245.0,81.0,82.0,82.0,51.0,10.0,8.0,16.0,11.0,1885.0,406.0,3.0,2.0,Medium,High,2.0,62.0,56.0,65.0,62.0,80.0,81.0,2016-2017
75,2016-2017,Manchester United,Paul Pogba,2789,46,24,22,0.0078881319469343,195864.0,/player/195864/paul-pogba/170099/,P. Pogba,Paul Pogba,23.0,France,Manchester United,[England] Premier Le,CAM,94.0,84kg / 185lbs,Right,85.0,CAM,6.0,"Aug 9, 2016",,€71.5M,€225K,€0,391.0,78.0,71.0,73.0,85.0,84.0,433.0,89.0,84.0,82.0,88.0,90.0,380.0,75.0,79.0,79.0,86.0,61.0,444.0,90.0,85.0,91.0,91.0,87.0,389.0,72.0,70.0,84.0,87.0,76.0,83.0,214.0,68.0,73.0,73.0,20.0,5.0,6.0,4.0,3.0,2271.0,486.0,4.0,5.0,High,Medium,4.0,77.0,80.0,84.0,87.0,71.0,87.0,2016-2017
76,2016-2017,Manchester United,Wayne Rooney,1548,25,16,9,0.005813953488372,54050.0,/player/54050/wayne-rooney/170099/,W. Rooney,Wayne Rooney,30.0,England,Manchester United,[England] Premier Le,ST,82.0,83kg / 183lbs,Right,80.0,ST,0.0,"Aug 31, 2004",,€18.5M,€130K,€0,399.0,78.0,82.0,75.0,79.0,85.0,405.0,76.0,84.0,81.0,84.0,80.0,377.0,69.0,73.0,76.0,82.0,77.0,414.0,86.0,80.0,82.0,83.0,83.0,377.0,81.0,54.0,82.0,81.0,79.0,88.0,139.0,48.0,54.0,37.0,49.0,10.0,11.0,8.0,7.0,2160.0,447.0,4.0,3.0,Medium,Medium,4.0,71.0,83.0,80.0,78.0,53.0,82.0,2016-2017
77,2016-2017,Manchester United,Jesse Lingard,1485,23,15,8,0.0053872053872053,207494.0,/player/207494/jesse-lingard/170099/,J. Lingard,Jesse Lingard,23.0,England,Manchester United,[England] Premier Le,RM,81.0,62kg / 137lbs,Right,78.0,RM,3.0,"Jul 1, 2010",,€10.5M,€90K,€0,343.0,71.0,72.0,61.0,75.0,64.0,353.0,78.0,72.0,56.0,65.0,82.0,413.0,85.0,84.0,84.0,76.0,84.0,346.0,74.0,65.0,81.0,54.0,72.0,328.0,63.0,47.0,78.0,75.0,65.0,65.0,136.0,49.0,46.0,41.0,54.0,14.0,10.0,13.0,9.0,1973.0,419.0,3.0,3.0,High,Medium,1.0,84.0,72.0,72.0,80.0,48.0,63.0,2016-2017
78,2016-2017,Manchester United,Anthony Martial,1565,20,14,6,0.0038338658146964,211300.0,/player/211300/anthony-martial/170099/,A. Martial,Anthony Martial,20.0,France,Manchester United,[England] Premier Le,ST,90.0,76kg / 168lbs,Right,81.0,ST,8.0,"Sep 1, 2015",,€29M,€100K,€0,372.0,73.0,80.0,70.0,75.0,74.0,360.0,88.0,76.0,54.0,58.0,84.0,434.0,92.0,91.0,85.0,81.0,85.0,396.0,84.0,80.0,80.0,80.0,72.0,321.0,59.0,42.0,79.0,70.0,71.0,78.0,112.0,35.0,39.0,38.0,51.0,9.0,8.0,15.0,11.0,2046.0,442.0,4.0,4.0,High,Low,3.0,91.0,78.0,70.0,86.0,41.0,76.0,2016-2017
79,2016-2017,Manchester United,Michael Carrick,1600,21,14,7,0.004375,21146.0,/player/21146/michael-carrick/170099/,M. Carrick,Michael Carrick,34.0,England,Manchester United,[England] Premier Le,CM,82.0,74kg / 163lbs,Right,80.0,CM,0.0,"Aug 31, 2006",,€6M,€120K,€0,358.0,72.0,59.0,73.0,87.0,67.0,363.0,71.0,68.0,59.0,85.0,80.0,311.0,53.0,52.0,58.0,85.0,63.0,356.0,78.0,72.0,69.0,66.0,71.0,365.0,67.0,83.0,66.0,85.0,64.0,85.0,226.0,75.0,79.0,72.0,60.0,13.0,12.0,15.0,9.0,2039.0,416.0,3.0,2.0,Low,High,3.0,52.0,66.0,81.0,73.0,77.0,67.0,2016-2017
80,2016-2017,Manchester United,Daley Blind,2009,27,20,7,0.0034843205574912,190815.0,/player/190815/daley-blind/170099/,D. Blind,Daley Blind,26.0,Netherlands,Manchester United,[England] Premier Le,CDM,82.0,72kg / 159lbs,Left,81.0,CDM,1.0,"Sep 1, 2014",,€16M,€110K,€0,337.0,77.0,46.0,71.0,81.0,62.0,376.0,73.0,80.0,62.0,81.0,80.0,356.0,65.0,58.0,73.0,85.0,75.0,362.0,68.0,71.0,86.0,73.0,64.0,355.0,70.0,86.0,64.0,79.0,56.0,86.0,243.0,82.0,84.0,77.0,55.0,12.0,9.0,14.0,10.0,2084.0,430.0,4.0,2.0,Medium,High,3.0,61.0,56.0,79.0,76.0,82.0,76.0,2016-2017
81,2015-2016,Manchester United,David de Gea,3060,44,31,13,0.0042483660130718,193080.0,/player/193080/david-de-gea-quintana/160058/,De Gea,David de Gea,24.0,Spain,Manchester United,[England] Premier Le,GK,90.0,82kg / 181lbs,Right,86.0,GK,3.0,"Jul 1, 2011",,€49M,€180K,€0,95.0,17.0,13.0,21.0,31.0,13.0,116.0,13.0,21.0,19.0,32.0,31.0,290.0,51.0,55.0,57.0,84.0,43.0,199.0,31.0,67.0,25.0,64.0,12.0,188.0,38.0,30.0,12.0,68.0,40.0,,47.0,13.0,21.0,13.0,429.0,88.0,81.0,85.0,89.0,1364.0,482.0,3.0,1.0,Medium,Medium,3.0,88.0,81.0,86.0,89.0,53.0,85.0,2015-2016
82,2015-2016,Manchester United,Juan Mata,2964,39,28,11,0.0037112010796221,178088.0,/player/178088/juan-manuel-mata-garcia/160058/,Juan Mata,Juan Manuel Mata García,27.0,Spain,Manchester United,[England] Premier Le,CAM,83.0,63kg / 139lbs,Left,84.0,CAM,0.0,"Jan 25, 2014",,€23M,€150K,€0,380.0,83.0,77.0,63.0,86.0,71.0,416.0,85.0,83.0,83.0,77.0,88.0,407.0,78.0,63.0,90.0,87.0,89.0,337.0,74.0,72.0,76.0,43.0,72.0,344.0,52.0,39.0,84.0,88.0,81.0,,74.0,25.0,28.0,21.0,46.0,9.0,10.0,5.0,8.0,2004.0,404.0,3.0,3.0,Medium,Medium,3.0,70.0,76.0,84.0,87.0,32.0,55.0,2015-2016
83,2015-2016,Manchester United,Wayne Rooney,2409,34,21,13,0.0053964300539643,54050.0,/player/54050/wayne-rooney/160058/,W. Rooney,Wayne Rooney,29.0,England,Manchester United,[England] Premier Le,ST,85.0,83kg / 183lbs,Right,83.0,ST,0.0,"Aug 31, 2004",,€32.5M,€170K,€0,409.0,78.0,85.0,80.0,80.0,86.0,415.0,79.0,84.0,84.0,85.0,83.0,387.0,72.0,74.0,77.0,87.0,77.0,424.0,87.0,81.0,87.0,84.0,85.0,394.0,89.0,54.0,87.0,83.0,81.0,,120.0,29.0,54.0,37.0,49.0,10.0,11.0,8.0,7.0,2198.0,452.0,4.0,3.0,Medium,High,4.0,73.0,85.0,81.0,80.0,47.0,86.0,2015-2016
84,2015-2016,Manchester United,Anthony Martial,2632,36,28,8,0.0030395136778115,211300.0,/player/211300/anthony-martial/160058/,A. Martial,Anthony Martial,19.0,France,Manchester United,[England] Premier Le,ST,86.0,76kg / 168lbs,Right,80.0,ST,8.0,"Sep 1, 2015",,€11M,€60K,€0,369.0,67.0,81.0,72.0,75.0,74.0,351.0,85.0,73.0,54.0,58.0,81.0,423.0,90.0,88.0,84.0,81.0,80.0,388.0,80.0,81.0,79.0,80.0,68.0,319.0,62.0,42.0,80.0,64.0,71.0,,56.0,21.0,18.0,17.0,51.0,9.0,8.0,15.0,11.0,1957.0,422.0,4.0,4.0,High,Medium,1.0,89.0,77.0,68.0,83.0,29.0,76.0,2015-2016
85,2015-2016,Manchester United,Chris Smalling,3150,41,29,12,0.0038095238095238,189881.0,/player/189881/chris-smalling/160058/,C. Smalling,Chris Smalling,25.0,England,Manchester United,[England] Premier Le,CB,85.0,90kg / 198lbs,Right,83.0,CB,2.0,"Jul 1, 2010",,€23.5M,€120K,€0,285.0,52.0,23.0,85.0,71.0,54.0,242.0,64.0,36.0,22.0,56.0,64.0,344.0,77.0,76.0,60.0,83.0,48.0,320.0,42.0,75.0,80.0,88.0,35.0,308.0,82.0,83.0,42.0,49.0,52.0,,258.0,85.0,88.0,85.0,71.0,10.0,15.0,15.0,15.0,1828.0,399.0,3.0,2.0,Medium,High,2.0,76.0,33.0,56.0,64.0,86.0,84.0,2015-2016
86,2015-2016,Manchester United,Jesse Lingard,1627,24,12,12,0.0073755377996312,207494.0,/player/207494/jesse-lingard/160058/,J. Lingard,Jesse Lingard,22.0,England,Manchester United,[England] Premier Le,RM,82.0,65kg / 143lbs,Right,76.0,RM,6.0,"Jul 1, 2010",,€7M,€70K,€0,329.0,66.0,73.0,58.0,78.0,54.0,342.0,76.0,65.0,54.0,65.0,82.0,411.0,85.0,82.0,84.0,76.0,84.0,328.0,66.0,65.0,79.0,58.0,60.0,301.0,56.0,35.0,76.0,71.0,63.0,,119.0,36.0,58.0,25.0,54.0,14.0,10.0,13.0,9.0,1884.0,407.0,3.0,3.0,High,Medium,1.0,83.0,68.0,70.0,79.0,44.0,63.0,2015-2016
87,2015-2016,Manchester United,Michael Carrick,1973,29,22,7,0.0035478966041561,21146.0,/player/21146/michael-carrick/160058/,M. Carrick,Michael Carrick,33.0,England,Manchester United,[England] Premier Le,CDM,80.0,74kg / 163lbs,Right,79.0,CDM,0.0,"Aug 31, 2006",,€6.5M,€80K,€0,357.0,72.0,59.0,73.0,86.0,67.0,359.0,71.0,64.0,59.0,85.0,80.0,306.0,53.0,52.0,58.0,80.0,63.0,356.0,78.0,72.0,69.0,66.0,71.0,361.0,67.0,86.0,59.0,85.0,64.0,,223.0,74.0,77.0,72.0,60.0,13.0,12.0,15.0,9.0,2022.0,414.0,3.0,2.0,Low,Medium,3.0,52.0,66.0,80.0,72.0,77.0,67.0,2015-2016
88,2015-2016,Manchester United,Daley Blind,3117,41,33,8,0.0025665704202759,190815.0,/player/190815/daley-blind/160058/,D. Blind,Daley Blind,25.0,Netherlands,Manchester United,[England] Premier Le,CDM,81.0,72kg / 159lbs,Left,81.0,CDM,2.0,"Sep 1, 2014",,€10.5M,€100K,€0,325.0,65.0,46.0,69.0,83.0,62.0,358.0,73.0,70.0,55.0,80.0,80.0,350.0,65.0,58.0,73.0,84.0,70.0,368.0,68.0,71.0,92.0,73.0,64.0,351.0,68.0,84.0,66.0,77.0,56.0,,241.0,80.0,84.0,77.0,55.0,12.0,9.0,14.0,10.0,2048.0,427.0,4.0,3.0,High,High,3.0,61.0,56.0,76.0,76.0,81.0,77.0,2015-2016
89,2015-2016,Manchester United,Marcus Rashford,862,13,7,6,0.0069605568445475,231677.0,/player/231677/marcus-rashford/160058/,M. Rashford,Marcus Rashford,17.0,England,Manchester United,[England] Premier Le,CF,85.0,70kg / 154lbs,Right,70.0,CF,16.0,"Jul 1, 2014",,€2M,€9K,€0,296.0,48.0,70.0,63.0,64.0,51.0,316.0,75.0,64.0,65.0,46.0,66.0,384.0,87.0,85.0,79.0,63.0,70.0,317.0,67.0,70.0,65.0,57.0,58.0,297.0,48.0,38.0,73.0,64.0,74.0,,62.0,22.0,20.0,20.0,53.0,11.0,6.0,7.0,14.0,1725.0,369.0,3.0,3.0,High,Medium,1.0,86.0,66.0,58.0,72.0,29.0,58.0,2015-2016
90,2015-2016,Manchester United,Antonio Valencia,836,14,5,9,0.0107655502392344,167905.0,/player/167905/antonio-valencia/160058/,A. Valencia,Antonio Valencia,29.0,Ecuador,Manchester United,[England] Premier Le,RM,75.0,78kg / 172lbs,Right,77.0,RM,0.0,"Jun 30, 2009",,€3M,€60K,€0,344.0,82.0,58.0,60.0,75.0,69.0,365.0,82.0,69.0,66.0,69.0,79.0,399.0,79.0,83.0,79.0,79.0,79.0,362.0,82.0,64.0,82.0,75.0,59.0,347.0,80.0,70.0,72.0,70.0,55.0,,201.0,65.0,69.0,67.0,51.0,16.0,11.0,7.0,7.0,2069.0,444.0,1.0,3.0,High,High,3.0,81.0,64.0,74.0,81.0,67.0,77.0,2015-2016
91,2015-2016,Manchester United,Cameron Borthwick-Jackson,692,12,4,8,0.0115606936416184,231535.0,/player/231535/cameron-borthwick-jackson/160058/,C. Borthwick-Jackson,Cameron Borthwick-Jackson,18.0,England,Manchester United,[England] Premier Le,LB,79.0,82kg / 181lbs,Left,67.0,LB,12.0,"Jul 1, 2013",,€950K,€8K,€0,280.0,73.0,34.0,65.0,69.0,39.0,302.0,64.0,74.0,37.0,62.0,65.0,319.0,74.0,72.0,56.0,55.0,62.0,285.0,45.0,73.0,68.0,64.0,35.0,258.0,57.0,62.0,43.0,50.0,46.0,,206.0,63.0,74.0,69.0,45.0,6.0,11.0,11.0,9.0,1695.0,369.0,3.0,2.0,Medium,Medium,1.0,73.0,38.0,64.0,63.0,67.0,64.0,2015-2016
92,2015-2016,Manchester United,Phil Jones,519,7,4,3,0.0057803468208092,194957.0,/player/194957/phil-jones/160058/,P. Jones,Phil Jones,23.0,England,Manchester United,[England] Premier Le,CB,84.0,71kg / 157lbs,Right,80.0,CB,4.0,"Jul 1, 2011",,€16M,€90K,€0,326.0,64.0,50.0,77.0,75.0,60.0,269.0,60.0,38.0,35.0,67.0,69.0,310.0,63.0,68.0,43.0,78.0,58.0,369.0,68.0,84.0,79.0,79.0,59.0,321.0,85.0,80.0,42.0,59.0,55.0,,247.0,81.0,84.0,82.0,51.0,10.0,8.0,16.0,11.0,1893.0,410.0,3.0,2.0,Medium,High,2.0,66.0,56.0,65.0,62.0,81.0,80.0,2015-2016
93,2015-2016,Manchester United,Memphis,1466,19,19,0,0.0,202556.0,/player/202556/memphis-depay/160058/,M. Depay,Memphis,21.0,Netherlands,Manchester United,[England] Premier Le,CF,86.0,78kg / 172lbs,Right,80.0,CF,7.0,"Jul 1, 2015",,€14M,€90K,€0,337.0,67.0,73.0,55.0,73.0,69.0,407.0,85.0,85.0,90.0,65.0,82.0,427.0,91.0,89.0,82.0,81.0,84.0,400.0,88.0,74.0,79.0,78.0,81.0,299.0,62.0,21.0,76.0,74.0,66.0,,75.0,24.0,31.0,20.0,50.0,8.0,14.0,12.0,10.0,1995.0,426.0,2.0,4.0,High,Low,3.0,90.0,77.0,72.0,84.0,28.0,75.0,2015-2016
94,2015-2016,Manchester United,Ashley Young,1047,13,17,-4,-0.0038204393505253,152908.0,/player/152908/ashley-young/160058/,A. Young,Ashley Young,29.0,England,Manchester United,[England] Premier Le,RW,79.0,65kg / 143lbs,Right,79.0,RW,0.0,"Jul 1, 2011",,€9.5M,€100K,€0,354.0,84.0,69.0,51.0,75.0,75.0,389.0,83.0,84.0,72.0,68.0,82.0,405.0,85.0,82.0,84.0,77.0,77.0,335.0,77.0,57.0,69.0,56.0,76.0,321.0,47.0,60.0,70.0,79.0,65.0,,158.0,43.0,54.0,61.0,72.0,16.0,10.0,16.0,15.0,2034.0,424.0,3.0,4.0,High,High,3.0,83.0,72.0,77.0,82.0,52.0,58.0,2015-2016
95,2015-2016,Manchester United,Ander Herrera,1515,20,14,6,0.0039603960396039,191740.0,/player/191740/ander-herrera-aguera/160058/,Ander Herrera,Ander Herrera Agüera,25.0,Spain,Manchester United,[England] Premier Le,CAM,82.0,73kg / 161lbs,Right,82.0,CAM,1.0,"Jun 26, 2014",,€19M,€100K,€0,358.0,74.0,71.0,58.0,88.0,67.0,391.0,83.0,76.0,65.0,80.0,87.0,396.0,78.0,72.0,84.0,81.0,81.0,347.0,70.0,63.0,78.0,62.0,74.0,396.0,82.0,70.0,80.0,85.0,79.0,,188.0,60.0,64.0,64.0,53.0,9.0,12.0,9.0,8.0,2129.0,446.0,4.0,4.0,High,High,2.0,75.0,72.0,82.0,84.0,63.0,70.0,2015-2016
96,2014-2015,Manchester United,David de Gea,3314,60,36,24,0.0072420036210018,193080.0,/player/193080/david-de-gea-quintana/150059/,De Gea,David de Gea,23.0,Spain,Manchester United,[England] Premier Le,GK,89.0,82kg / 181lbs,Right,85.0,GK,3.0,"Jul 1, 2011",,€31M,€180K,€0,127.0,25.0,25.0,21.0,31.0,25.0,134.0,25.0,21.0,25.0,32.0,31.0,285.0,51.0,55.0,57.0,79.0,43.0,212.0,31.0,67.0,25.0,64.0,25.0,158.0,38.0,30.0,25.0,25.0,40.0,,71.0,25.0,21.0,25.0,425.0,88.0,81.0,81.0,89.0,1412.0,478.0,3.0,1.0,Medium,Medium,3.0,88.0,81.0,86.0,89.0,53.0,81.0,2014-2015
97,2014-2015,Manchester United,Phil Jones,1874,33,17,16,0.0085378868729989,194957.0,/player/194957/phil-jones/150059/,P. Jones,Phil Jones,22.0,England,Manchester United,[England] Premier Le,CB,82.0,71kg / 157lbs,Right,78.0,CB,4.0,"Jul 1, 2011",,€5.5M,€70K,€0,321.0,63.0,49.0,74.0,76.0,59.0,263.0,58.0,37.0,34.0,66.0,68.0,309.0,63.0,68.0,43.0,77.0,58.0,366.0,67.0,84.0,79.0,78.0,58.0,314.0,84.0,77.0,41.0,58.0,54.0,,240.0,80.0,81.0,79.0,46.0,9.0,7.0,15.0,10.0,1859.0,404.0,3.0,2.0,Medium,High,2.0,66.0,55.0,64.0,60.0,79.0,80.0,2014-2015
98,2014-2015,Manchester United,Marcos Rojo,1763,37,19,18,0.0102098695405558,201862.0,/player/201862/marcos-rojo/150059/,M. Rojo,Marcos Rojo,24.0,Argentina,Manchester United,[England] Premier Le,CB,82.0,82kg / 181lbs,Left,78.0,CB,3.0,"Aug 20, 2014",,€7.5M,€100K,€0,319.0,74.0,51.0,81.0,65.0,48.0,316.0,64.0,52.0,56.0,79.0,65.0,357.0,73.0,76.0,73.0,73.0,62.0,387.0,78.0,86.0,78.0,83.0,62.0,335.0,85.0,78.0,54.0,55.0,63.0,,236.0,77.0,81.0,78.0,47.0,6.0,7.0,14.0,9.0,1997.0,427.0,2.0,2.0,Medium,Medium,3.0,75.0,59.0,66.0,66.0,79.0,82.0,2014-2015
99,2014-2015,Manchester United,Juan Mata,2298,40,24,16,0.0069625761531766,178088.0,/player/178088/juan-manuel-mata-garcia/150059/,Juan Mata,Juan Manuel Mata García,26.0,Spain,Manchester United,[England] Premier Le,CAM,85.0,63kg / 139lbs,Left,84.0,CAM,0.0,"Jan 25, 2014",,€27M,€190K,€0,383.0,83.0,77.0,66.0,86.0,71.0,414.0,85.0,82.0,81.0,78.0,88.0,415.0,83.0,66.0,90.0,87.0,89.0,338.0,74.0,72.0,79.0,41.0,72.0,334.0,52.0,39.0,84.0,88.0,71.0,,72.0,25.0,22.0,25.0,46.0,9.0,10.0,5.0,8.0,2002.0,405.0,3.0,4.0,Medium,Medium,3.0,74.0,75.0,84.0,87.0,31.0,54.0,2014-2015
100,2014-2015,Manchester United,Radamel Falcao,1258,25,14,11,0.0087440381558028,167397.0,/player/167397/radamel-falcao-garcia-zarate/150059/,Falcao,Radamel Falcao,28.0,Colombia,Manchester United,[England] Premier Le,ST,86.0,72kg / 159lbs,Right,84.0,ST,0.0,"Jul 1, 2013",,€40M,€230K,€0,391.0,55.0,86.0,92.0,69.0,89.0,368.0,78.0,83.0,71.0,53.0,83.0,396.0,77.0,72.0,85.0,87.0,75.0,392.0,79.0,92.0,71.0,73.0,77.0,353.0,70.0,41.0,87.0,68.0,87.0,,92.0,25.0,42.0,25.0,43.0,10.0,13.0,9.0,5.0,2035.0,415.0,4.0,4.0,High,Medium,4.0,74.0,83.0,64.0,81.0,40.0,73.0,2014-2015
101,2014-2015,Manchester United,Chris Smalling,1930,30,23,7,0.0036269430051813,189881.0,/player/189881/chris-smalling/150059/,C. Smalling,Chris Smalling,24.0,England,Manchester United,[England] Premier Le,CB,83.0,81kg / 179lbs,Right,78.0,CB,5.0,"Jul 1, 2010",,€7.5M,€80K,€0,248.0,51.0,22.0,81.0,71.0,23.0,229.0,63.0,25.0,21.0,55.0,65.0,329.0,75.0,78.0,51.0,80.0,45.0,291.0,41.0,73.0,75.0,77.0,25.0,273.0,75.0,78.0,21.0,48.0,51.0,,241.0,79.0,82.0,80.0,66.0,9.0,14.0,14.0,14.0,1677.0,378.0,3.0,2.0,Medium,Medium,2.0,77.0,28.0,55.0,62.0,80.0,76.0,2014-2015
102,2014-2015,Manchester United,Daley Blind,2173,40,26,14,0.0064427059364933,190815.0,/player/190815/daley-blind/150059/,D. Blind,Daley Blind,24.0,Netherlands,Manchester United,[England] Premier Le,CDM,83.0,72kg / 159lbs,Left,78.0,CDM,4.0,"Sep 1, 2014",,€7M,€100K,€0,311.0,62.0,41.0,66.0,82.0,60.0,344.0,72.0,64.0,54.0,75.0,79.0,360.0,68.0,64.0,73.0,83.0,72.0,361.0,67.0,66.0,92.0,73.0,63.0,348.0,73.0,79.0,67.0,74.0,55.0,,223.0,68.0,79.0,76.0,50.0,11.0,8.0,13.0,9.0,1997.0,419.0,3.0,3.0,Medium,High,3.0,66.0,54.0,73.0,75.0,74.0,77.0,2014-2015
103,2014-2015,Manchester United,Ashley Young,2069,34,17,17,0.0082165297245045,152908.0,/player/152908/ashley-young/150059/,A. Young,Ashley Young,28.0,England,Manchester United,[England] Premier Le,RW,78.0,65kg / 143lbs,Right,78.0,RW,0.0,"Jul 1, 2011",,€7.5M,€100K,€0,339.0,80.0,72.0,40.0,73.0,74.0,389.0,82.0,82.0,77.0,69.0,79.0,413.0,88.0,84.0,84.0,74.0,83.0,325.0,76.0,57.0,69.0,48.0,75.0,308.0,45.0,46.0,69.0,78.0,70.0,,103.0,24.0,29.0,50.0,67.0,15.0,9.0,15.0,14.0,1944.0,402.0,3.0,4.0,High,Medium,3.0,86.0,73.0,75.0,81.0,34.0,53.0,2014-2015
104,2014-2015,Manchester United,Ander Herrera,1870,38,22,16,0.0085561497326203,191740.0,/player/191740/ander-herrera-aguera/150059/,Ander Herrera,Ander Herrera Agüera,24.0,Spain,Manchester United,[England] Premier Le,CAM,84.0,73kg / 161lbs,Right,81.0,CAM,5.0,"Jun 26, 2014",,€8M,€90K,€0,313.0,60.0,67.0,38.0,88.0,60.0,393.0,83.0,72.0,70.0,81.0,87.0,396.0,78.0,75.0,84.0,81.0,78.0,322.0,64.0,63.0,68.0,59.0,68.0,365.0,77.0,66.0,80.0,85.0,57.0,,155.0,47.0,60.0,48.0,53.0,9.0,12.0,9.0,8.0,1997.0,424.0,4.0,4.0,High,Medium,2.0,76.0,66.0,79.0,84.0,54.0,65.0,2014-2015
105,2014-2015,Manchester United,Antonio Valencia,2583,42,20,22,0.0085172280294231,167905.0,/player/167905/antonio-valencia/150059/,A. Valencia,Antonio Valencia,28.0,Ecuador,Manchester United,[England] Premier Le,RM,80.0,78kg / 172lbs,Right,79.0,RM,0.0,"Jun 30, 2009",,€11M,€110K,€0,357.0,83.0,62.0,65.0,78.0,69.0,364.0,81.0,68.0,65.0,72.0,78.0,401.0,84.0,86.0,79.0,78.0,74.0,362.0,81.0,63.0,82.0,73.0,63.0,357.0,73.0,64.0,73.0,78.0,69.0,,183.0,58.0,61.0,64.0,46.0,15.0,10.0,6.0,6.0,2070.0,444.0,1.0,3.0,Medium,High,3.0,85.0,67.0,77.0,79.0,61.0,75.0,2014-2015
106,2014-2015,Manchester United,Marouane Fellaini,1842,33,16,17,0.009229098805646,176944.0,/player/176944/marouane-fellaini/150059/,M. Fellaini,Marouane Fellaini,26.0,Belgium,Manchester United,[England] Premier Le,CM,77.0,85kg / 187lbs,Right,77.0,CM,0.0,"Sep 2, 2013",,€6M,€100K,€0,372.0,68.0,71.0,85.0,78.0,70.0,325.0,73.0,60.0,45.0,72.0,75.0,314.0,55.0,71.0,57.0,79.0,52.0,392.0,73.0,71.0,86.0,91.0,71.0,376.0,87.0,74.0,74.0,78.0,63.0,,214.0,71.0,76.0,67.0,49.0,7.0,5.0,14.0,15.0,2042.0,441.0,3.0,3.0,Medium,Medium,3.0,64.0,71.0,73.0,71.0,74.0,88.0,2014-2015
107,2014-2015,Manchester United,Ángel Di María,1633,27,19,8,0.0048989589712186,183898.0,/player/183898/angel-di-maria/150059/,Á. Di María,Ángel Di María,26.0,Argentina,Manchester United,[England] Premier Le,LM,85.0,70kg / 154lbs,Left,85.0,LM,0.0,"Aug 27, 2014",,€27M,€200K,€0,377.0,91.0,75.0,53.0,81.0,77.0,409.0,87.0,83.0,72.0,81.0,86.0,425.0,88.0,88.0,90.0,80.0,79.0,380.0,87.0,72.0,78.0,64.0,79.0,363.0,76.0,47.0,84.0,83.0,73.0,,161.0,37.0,63.0,61.0,51.0,10.0,7.0,12.0,11.0,2166.0,457.0,2.0,4.0,High,Medium,4.0,88.0,79.0,83.0,86.0,51.0,70.0,2014-2015
108,2014-2015,Manchester United,Adnan Januzaj,836,12,10,2,0.0023923444976076,208330.0,/player/208330/adnan-januzaj/150059/,A. Januzaj,Adnan Januzaj,19.0,Belgium,Manchester United,[England] Premier Le,LM,86.0,75kg / 165lbs,Left,75.0,LM,11.0,"Feb 1, 2012",,€2.7M,€45K,€0,296.0,69.0,65.0,22.0,74.0,66.0,369.0,84.0,69.0,64.0,72.0,80.0,397.0,86.0,79.0,83.0,68.0,81.0,293.0,57.0,61.0,55.0,54.0,66.0,251.0,30.0,20.0,67.0,75.0,59.0,,67.0,25.0,21.0,21.0,50.0,14.0,9.0,11.0,6.0,1723.0,371.0,4.0,4.0,Medium,Medium,1.0,82.0,63.0,72.0,82.0,22.0,50.0,2014-2015
109,2014-2015,Manchester United,Robin van Persie,2113,38,22,16,0.007572172266919,7826.0,/player/7826/robin-van-persie/150059/,R. van Persie,Robin van Persie,30.0,Netherlands,Manchester United,[England] Premier Le,ST,85.0,71kg / 157lbs,Left,83.0,ST,0.0,"Aug 17, 2012",,€21M,€170K,€0,418.0,81.0,87.0,76.0,82.0,92.0,409.0,82.0,86.0,81.0,75.0,85.0,361.0,65.0,71.0,80.0,86.0,59.0,375.0,89.0,59.0,73.0,72.0,82.0,342.0,55.0,34.0,87.0,82.0,84.0,,76.0,23.0,32.0,21.0,39.0,9.0,10.0,7.0,8.0,2020.0,419.0,3.0,4.0,Medium,Low,4.0,68.0,87.0,81.0,82.0,33.0,68.0,2014-2015
110,2014-2015,Manchester United,Paddy McNair,1021,14,14,0,0.0,213697.0,/player/213697/paddy-mcnair/150059/,P. McNair,Paddy McNair,19.0,Northern Ireland,Manchester United,[England] Premier Le,CB,76.0,71kg / 157lbs,Right,61.0,CB,15.0,"Jul 1, 2013",,€140K,€5K,€0,230.0,40.0,35.0,58.0,55.0,42.0,257.0,54.0,48.0,35.0,57.0,63.0,313.0,56.0,62.0,56.0,66.0,73.0,250.0,41.0,59.0,44.0,67.0,39.0,229.0,42.0,61.0,38.0,46.0,42.0,,192.0,64.0,67.0,61.0,50.0,13.0,7.0,7.0,13.0,1521.0,323.0,2.0,3.0,Medium,High,1.0,59.0,38.0,49.0,58.0,63.0,56.0,2014-2015
111,2014-2015,Manchester United,Tyler Blackett,646,11,10,1,0.001547987616099,203265.0,/player/203265/tyler-blackett/150059/,T. Blackett,Tyler Blackett,20.0,England,Manchester United,[England] Premier Le,CB,73.0,87kg / 192lbs,Left,65.0,CB,8.0,"Jul 1, 2012",,€375K,€7K,€0,254.0,64.0,23.0,63.0,71.0,33.0,301.0,46.0,64.0,64.0,63.0,64.0,293.0,67.0,76.0,47.0,65.0,38.0,315.0,55.0,64.0,64.0,75.0,57.0,247.0,71.0,63.0,32.0,37.0,44.0,,184.0,59.0,64.0,61.0,58.0,14.0,10.0,7.0,13.0,1652.0,356.0,3.0,2.0,Medium,Medium,1.0,72.0,38.0,61.0,52.0,62.0,71.0,2014-2015
112,2013-2014,Manchester United,David de Gea,3330,59,43,16,0.0048048048048048,193080.0,/player/193080/david-de-gea-quintana/140052/,De Gea,David de Gea,22.0,Spain,Manchester United,[England] Premier Le,GK,87.0,82kg / 181lbs,Right,82.0,GK,4.0,"Jul 1, 2011",,€8M,€110K,€0,127.0,25.0,25.0,21.0,31.0,25.0,134.0,25.0,21.0,25.0,32.0,31.0,284.0,51.0,55.0,57.0,78.0,43.0,212.0,31.0,67.0,25.0,64.0,25.0,158.0,38.0,30.0,25.0,25.0,40.0,,71.0,25.0,21.0,25.0,412.0,87.0,75.0,76.0,88.0,1398.0,465.0,3.0,1.0,Medium,Medium,3.0,87.0,75.0,86.0,88.0,53.0,76.0,2013-2014
113,2013-2014,Manchester United,Adnan Januzaj,1635,38,18,20,0.0122324159021406,208330.0,/player/208330/adnan-januzaj/140052/,A. Januzaj,Adnan Januzaj,18.0,Belgium,Manchester United,[England] Premier Le,LW,87.0,75kg / 165lbs,Left,74.0,LW,14.0,"Feb 1, 2012",,€1.9M,€30K,€0,292.0,68.0,63.0,22.0,73.0,66.0,363.0,81.0,69.0,64.0,71.0,78.0,394.0,86.0,74.0,83.0,66.0,85.0,270.0,57.0,61.0,54.0,32.0,66.0,251.0,30.0,20.0,66.0,76.0,59.0,,67.0,25.0,21.0,21.0,50.0,14.0,9.0,11.0,6.0,1687.0,355.0,4.0,3.0,Medium,Medium,1.0,79.0,63.0,72.0,80.0,22.0,39.0,2013-2014
114,2013-2014,Manchester United,Phil Jones,2175,43,27,16,0.0073563218390804,194957.0,/player/194957/phil-jones/140052/,P. Jones,Phil Jones,21.0,England,Manchester United,[England] Premier Le,CB,84.0,71kg / 157lbs,Right,79.0,CB,5.0,"Jul 1, 2011",,€5.5M,€80K,€0,323.0,63.0,49.0,74.0,78.0,59.0,267.0,58.0,37.0,34.0,66.0,72.0,334.0,69.0,76.0,52.0,79.0,58.0,367.0,67.0,84.0,80.0,78.0,58.0,312.0,82.0,77.0,41.0,58.0,54.0,,244.0,82.0,83.0,79.0,46.0,9.0,7.0,15.0,10.0,1893.0,416.0,3.0,2.0,Medium,High,2.0,73.0,55.0,65.0,63.0,80.0,80.0,2013-2014
115,2013-2014,Manchester United,Chris Smalling,1931,34,24,10,0.0051786639047125,189881.0,/player/189881/chris-smalling/140052/,C. Smalling,Chris Smalling,23.0,England,Manchester United,[England] Premier Le,CB,81.0,82kg / 181lbs,Right,76.0,CB,5.0,"Jul 1, 2010",,€4.2M,€70K,€0,242.0,51.0,22.0,79.0,67.0,23.0,223.0,59.0,25.0,21.0,55.0,63.0,326.0,75.0,78.0,51.0,77.0,45.0,282.0,41.0,68.0,75.0,73.0,25.0,273.0,75.0,78.0,21.0,48.0,51.0,,239.0,79.0,82.0,78.0,66.0,9.0,14.0,14.0,14.0,1651.0,373.0,3.0,2.0,Medium,Medium,2.0,77.0,28.0,54.0,60.0,80.0,74.0,2013-2014
116,2013-2014,Manchester United,Michael Carrick,2413,40,30,10,0.0041442188147534,21146.0,/player/21146/michael-carrick/140052/,M. Carrick,Michael Carrick,31.0,England,Manchester United,[England] Premier Le,CM,80.0,74kg / 163lbs,Right,79.0,CM,0.0,"Aug 31, 2006",,€5.5M,€90K,€0,361.0,72.0,63.0,73.0,86.0,67.0,378.0,71.0,64.0,75.0,86.0,82.0,319.0,53.0,65.0,58.0,80.0,63.0,361.0,78.0,72.0,74.0,64.0,73.0,373.0,67.0,85.0,65.0,79.0,77.0,,217.0,71.0,74.0,72.0,60.0,13.0,12.0,15.0,9.0,2069.0,425.0,3.0,2.0,Low,Medium,3.0,60.0,69.0,80.0,73.0,75.0,68.0,2013-2014
117,2013-2014,Manchester United,Alexander Büttner,487,12,6,6,0.0123203285420944,186982.0,/player/186982/alexander-buttner/140052/,A. Büttner,Alexander Büttner,24.0,Netherlands,Manchester United,[England] Premier Le,LB,77.0,73kg / 161lbs,Left,73.0,LB,4.0,"Aug 21, 2012",,€1.9M,€45K,€0,321.0,74.0,55.0,65.0,68.0,59.0,362.0,73.0,73.0,76.0,66.0,74.0,388.0,79.0,86.0,76.0,74.0,73.0,390.0,82.0,80.0,89.0,69.0,70.0,339.0,74.0,64.0,65.0,63.0,73.0,,215.0,69.0,74.0,72.0,52.0,7.0,10.0,13.0,9.0,2067.0,436.0,3.0,3.0,High,High,1.0,83.0,65.0,69.0,74.0,69.0,76.0,2013-2014
118,2013-2014,Manchester United,Marouane Fellaini,1371,24,17,7,0.0051057622173595,176944.0,/player/176944/marouane-fellaini/140052/,M. Fellaini,Marouane Fellaini,25.0,Belgium,Manchester United,[England] Premier Le,CDM,82.0,85kg / 187lbs,Right,79.0,CDM,2.0,"Sep 2, 2013",,€8M,€90K,€0,382.0,68.0,73.0,90.0,78.0,73.0,331.0,75.0,60.0,45.0,72.0,79.0,334.0,64.0,73.0,57.0,79.0,61.0,396.0,76.0,71.0,86.0,91.0,72.0,384.0,87.0,77.0,77.0,80.0,63.0,,221.0,73.0,79.0,69.0,49.0,7.0,5.0,14.0,15.0,2097.0,454.0,3.0,3.0,Medium,Medium,3.0,69.0,73.0,73.0,74.0,77.0,88.0,2013-2014
119,2013-2014,Manchester United,Shinji Kagawa,1170,26,13,13,0.0111111111111111,189358.0,/player/189358/shinji-kagawa/140052/,S. Kagawa,Shinji Kagawa,24.0,Japan,Manchester United,[England] Premier Le,CAM,85.0,64kg / 141lbs,Right,82.0,CAM,4.0,"Jul 19, 2012",,€10M,€90K,€0,346.0,59.0,77.0,51.0,85.0,74.0,390.0,88.0,78.0,64.0,73.0,87.0,435.0,90.0,76.0,93.0,85.0,91.0,328.0,62.0,67.0,88.0,38.0,73.0,301.0,25.0,47.0,78.0,81.0,70.0,,71.0,25.0,25.0,21.0,50.0,11.0,9.0,9.0,13.0,1921.0,400.0,4.0,4.0,High,Medium,3.0,82.0,73.0,76.0,88.0,32.0,49.0,2013-2014
120,2013-2014,Manchester United,Antonio Valencia,1928,44,22,22,0.0114107883817427,167905.0,/player/167905/antonio-valencia/140052/,A. Valencia,Antonio Valencia,27.0,Ecuador,Manchester United,[England] Premier Le,RM,81.0,78kg / 172lbs,Right,80.0,RM,0.0,"Jun 30, 2009",,€7.5M,€90K,€0,359.0,83.0,62.0,65.0,80.0,69.0,379.0,81.0,81.0,65.0,72.0,80.0,405.0,85.0,83.0,81.0,82.0,74.0,362.0,81.0,63.0,82.0,73.0,63.0,341.0,73.0,42.0,77.0,80.0,69.0,,142.0,42.0,49.0,51.0,46.0,15.0,10.0,6.0,6.0,2034.0,432.0,2.0,4.0,Medium,High,3.0,84.0,67.0,79.0,80.0,47.0,75.0,2013-2014
121,2013-2014,Manchester United,Ashley Young,1010,15,16,-1,-0.0009900990099009,152908.0,/player/152908/ashley-young/140052/,A. Young,Ashley Young,27.0,England,Manchester United,[England] Premier Le,RW,79.0,61kg / 134lbs,Right,79.0,RW,0.0,"Jul 1, 2011",,€5M,€90K,€0,339.0,80.0,72.0,40.0,73.0,74.0,390.0,82.0,82.0,77.0,69.0,80.0,419.0,90.0,86.0,84.0,76.0,83.0,329.0,76.0,57.0,73.0,48.0,75.0,314.0,45.0,46.0,73.0,80.0,70.0,,103.0,24.0,29.0,50.0,67.0,15.0,9.0,15.0,14.0,1961.0,406.0,3.0,4.0,High,Medium,3.0,88.0,73.0,76.0,81.0,34.0,54.0,2013-2014
122,2013-2014,Manchester United,Nemanja Vidić,2093,36,26,10,0.0047778308647873,140601.0,/player/140601/nemanja-vidic/140052/,N. Vidić,Nemanja Vidić,31.0,Serbia,Manchester United,[England] Premier Le,CB,85.0,88kg / 194lbs,Right,83.0,CB,0.0,"Jan 5, 2006",,€8M,€150K,€0,272.0,40.0,37.0,89.0,65.0,41.0,260.0,44.0,43.0,48.0,62.0,63.0,279.0,51.0,54.0,50.0,77.0,47.0,324.0,57.0,85.0,64.0,90.0,28.0,315.0,92.0,82.0,26.0,56.0,59.0,,253.0,85.0,86.0,82.0,45.0,12.0,5.0,8.0,6.0,1748.0,370.0,3.0,2.0,Medium,High,4.0,53.0,40.0,56.0,52.0,85.0,84.0,2013-2014
123,2013-2014,Manchester United,Robin van Persie,1584,24,17,7,0.0044191919191919,7826.0,/player/7826/robin-van-persie/140052/,R. van Persie,Robin van Persie,29.0,Netherlands,Manchester United,[England] Premier Le,ST,89.0,71kg / 157lbs,Left,86.0,ST,0.0,"Aug 17, 2012",,€30M,€240K,€0,422.0,81.0,91.0,73.0,85.0,92.0,414.0,84.0,86.0,81.0,75.0,88.0,376.0,74.0,75.0,81.0,87.0,59.0,380.0,90.0,59.0,72.0,72.0,87.0,347.0,55.0,34.0,90.0,82.0,86.0,,76.0,23.0,32.0,21.0,39.0,9.0,10.0,7.0,8.0,2054.0,432.0,4.0,4.0,Medium,Low,5.0,75.0,90.0,82.0,84.0,33.0,68.0,2013-2014
124,2013-2014,Manchester United,Juan Mata,2062,38,26,12,0.005819592628516,178088.0,/player/178088/juan-manuel-mata-garcia/140052/,Juan Mata,Juan Manuel Mata García,25.0,Spain,Manchester United,[England] Premier Le,CAM,88.0,63kg / 139lbs,Left,86.0,CAM,1.0,"Jan 25, 2014",,€36.5M,€170K,€0,386.0,83.0,79.0,66.0,87.0,71.0,416.0,86.0,82.0,81.0,78.0,89.0,425.0,85.0,73.0,90.0,88.0,89.0,349.0,74.0,72.0,79.0,52.0,72.0,338.0,52.0,39.0,87.0,89.0,71.0,,72.0,25.0,22.0,25.0,46.0,9.0,10.0,5.0,8.0,2032.0,418.0,3.0,4.0,Medium,Medium,3.0,78.0,76.0,85.0,88.0,31.0,60.0,2013-2014
125,2012-2013,Manchester United,David de Gea,2520,57,23,34,0.0134920634920634,193080.0,/player/193080/david-de-gea-quintana/130034/,De Gea,David de Gea,21.0,Spain,Manchester United,[England] Premier Le,GK,85.0,82kg / 181lbs,Right,80.0,GK,4.0,"Jul 1, 2011",,€8.5M,€70K,€0,88.0,17.0,13.0,14.0,31.0,13.0,101.0,13.0,15.0,19.0,32.0,22.0,280.0,51.0,55.0,57.0,74.0,43.0,204.0,31.0,67.0,30.0,64.0,12.0,152.0,38.0,23.0,18.0,33.0,40.0,,38.0,13.0,12.0,13.0,406.0,86.0,72.0,74.0,88.0,1269.0,459.0,3.0,1.0,Medium,Medium,3.0,86.0,72.0,86.0,88.0,53.0,74.0,2012-2013
126,2012-2013,Manchester United,Phil Jones,1194,23,16,7,0.0058626465661641,194957.0,/player/194957/phil-jones/130034/,P. Jones,Phil Jones,20.0,England,Manchester United,[England] Premier Le,RB,84.0,71kg / 157lbs,Right,78.0,RB,6.0,"Jul 1, 2011",,€9.5M,€40K,€0,322.0,64.0,46.0,74.0,79.0,59.0,267.0,57.0,37.0,34.0,66.0,73.0,341.0,69.0,74.0,52.0,79.0,67.0,355.0,67.0,84.0,77.0,69.0,58.0,315.0,81.0,79.0,41.0,58.0,56.0,,243.0,82.0,83.0,78.0,46.0,9.0,7.0,15.0,10.0,1889.0,410.0,3.0,2.0,Medium,High,2.0,72.0,54.0,66.0,63.0,81.0,74.0,2012-2013
127,2012-2013,Manchester United,Danny Welbeck,1283,28,11,17,0.0132501948558067,186146.0,/player/186146/danny-welbeck/130034/,D. Welbeck,Danny Welbeck,21.0,England,Manchester United,[England] Premier Le,ST,84.0,73kg / 161lbs,Right,78.0,ST,5.0,"Jul 1, 2007",,€11.5M,€70K,€0,378.0,70.0,76.0,81.0,76.0,75.0,337.0,79.0,60.0,64.0,59.0,75.0,395.0,86.0,85.0,85.0,77.0,62.0,390.0,76.0,84.0,86.0,70.0,74.0,305.0,59.0,21.0,79.0,68.0,78.0,,91.0,22.0,37.0,32.0,48.0,8.0,9.0,11.0,15.0,1944.0,413.0,3.0,3.0,High,High,3.0,85.0,76.0,69.0,77.0,33.0,73.0,2012-2013
128,2012-2013,Manchester United,Michael Carrick,3044,72,37,35,0.0114980289093298,21146.0,/player/21146/michael-carrick/130034/,M. Carrick,Michael Carrick,30.0,England,Manchester United,[England] Premier Le,CM,82.0,74kg / 163lbs,Right,81.0,CM,0.0,"Aug 31, 2006",,€9M,€80K,€0,366.0,76.0,63.0,73.0,87.0,67.0,383.0,74.0,64.0,75.0,87.0,83.0,321.0,55.0,65.0,58.0,80.0,63.0,369.0,78.0,72.0,79.0,64.0,76.0,383.0,67.0,86.0,71.0,81.0,78.0,,217.0,71.0,74.0,72.0,60.0,13.0,12.0,15.0,9.0,2099.0,432.0,3.0,2.0,Low,Medium,3.0,61.0,70.0,82.0,75.0,75.0,69.0,2012-2013
129,2012-2013,Manchester United,Shinji Kagawa,1318,33,15,18,0.0136570561456752,189358.0,/player/189358/shinji-kagawa/130034/,S. Kagawa,Shinji Kagawa,23.0,Japan,Manchester United,[England] Premier Le,CAM,86.0,64kg / 141lbs,Right,82.0,CAM,3.0,"Jul 19, 2012",,€17M,€100K,€0,341.0,59.0,74.0,51.0,83.0,74.0,390.0,88.0,78.0,64.0,73.0,87.0,437.0,90.0,79.0,93.0,84.0,91.0,323.0,62.0,63.0,88.0,38.0,72.0,315.0,25.0,56.0,83.0,81.0,70.0,,50.0,14.0,15.0,21.0,50.0,11.0,9.0,9.0,13.0,1906.0,394.0,4.0,4.0,High,Medium,3.0,84.0,71.0,75.0,88.0,27.0,49.0,2012-2013
130,2012-2013,Manchester United,Rio Ferdinand,2316,58,29,29,0.0125215889464594,7289.0,/player/7289/rio-ferdinand/130034/,R. Ferdinand,Rio Ferdinand,33.0,England,Manchester United,[England] Premier Le,CB,83.0,87kg / 192lbs,Right,82.0,CB,0.0,"Jul 22, 2002",,€3.6M,€70K,€0,293.0,45.0,39.0,84.0,74.0,51.0,277.0,58.0,51.0,27.0,73.0,68.0,296.0,53.0,62.0,54.0,83.0,44.0,289.0,59.0,64.0,55.0,82.0,29.0,308.0,81.0,85.0,32.0,56.0,54.0,,258.0,85.0,87.0,86.0,40.0,12.0,9.0,9.0,5.0,1761.0,382.0,3.0,2.0,Medium,Medium,3.0,58.0,42.0,61.0,61.0,86.0,74.0,2012-2013
131,2012-2013,Manchester United,Patrice Evra,3060,71,35,36,0.0117647058823529,52091.0,/player/52091/patrice-evra/130034/,P. Evra,Patrice Evra,31.0,France,Manchester United,[England] Premier Le,LB,82.0,72kg / 159lbs,Left,81.0,LB,0.0,"Jan 10, 2006",,€6M,€80K,€0,327.0,77.0,41.0,74.0,82.0,53.0,347.0,77.0,70.0,51.0,73.0,76.0,382.0,78.0,79.0,71.0,79.0,75.0,359.0,74.0,87.0,84.0,76.0,38.0,354.0,86.0,79.0,67.0,64.0,58.0,,250.0,79.0,85.0,86.0,57.0,15.0,15.0,14.0,7.0,2076.0,441.0,2.0,3.0,High,Medium,3.0,79.0,50.0,74.0,76.0,81.0,81.0,2012-2013
132,2012-2013,Manchester United,Nemanja Vidić,1618,31,13,18,0.0111248454882571,140601.0,/player/140601/nemanja-vidic/130034/,N. Vidić,Nemanja Vidić,30.0,Serbia,Manchester United,[England] Premier Le,CB,87.0,88kg / 194lbs,Right,86.0,CB,0.0,"Jan 5, 2006",,€12.5M,€110K,€0,277.0,40.0,37.0,91.0,68.0,41.0,265.0,48.0,43.0,48.0,62.0,64.0,288.0,53.0,61.0,50.0,77.0,47.0,334.0,60.0,90.0,64.0,92.0,28.0,319.0,92.0,83.0,26.0,56.0,62.0,,267.0,91.0,91.0,85.0,45.0,12.0,5.0,8.0,6.0,1795.0,383.0,3.0,2.0,Medium,High,3.0,57.0,41.0,57.0,54.0,89.0,85.0,2012-2013
133,2012-2013,Manchester United,Robin van Persie,3124,73,39,34,0.0108834827144686,7826.0,/player/7826/robin-van-persie/130034/,R. van Persie,Robin van Persie,28.0,Netherlands,Manchester United,[England] Premier Le,ST,89.0,72kg / 159lbs,Left,86.0,ST,0.0,"Aug 17, 2012",,€26M,€170K,€0,423.0,83.0,91.0,73.0,85.0,91.0,414.0,84.0,86.0,81.0,75.0,88.0,380.0,77.0,76.0,81.0,87.0,59.0,380.0,90.0,59.0,72.0,72.0,87.0,350.0,55.0,34.0,90.0,82.0,89.0,,76.0,23.0,32.0,21.0,39.0,9.0,10.0,7.0,8.0,2062.0,433.0,4.0,4.0,High,Low,5.0,76.0,90.0,82.0,84.0,33.0,68.0,2012-2013
134,2012-2013,Manchester United,Javier Hernández,928,30,10,20,0.021551724137931,178224.0,/player/178224/javier-hernandez/130034/,J. Hernández,Javier Hernández,24.0,Mexico,Manchester United,[England] Premier Le,ST,85.0,60kg / 132lbs,Right,81.0,ST,3.0,"Jan 1, 2010",,€16.5M,€100K,€0,374.0,62.0,88.0,83.0,67.0,74.0,325.0,73.0,67.0,52.0,55.0,78.0,426.0,89.0,88.0,81.0,84.0,84.0,363.0,76.0,85.0,75.0,56.0,71.0,325.0,59.0,26.0,88.0,72.0,80.0,,70.0,22.0,29.0,19.0,58.0,14.0,12.0,12.0,11.0,1941.0,403.0,3.0,3.0,Medium,Low,3.0,88.0,81.0,64.0,76.0,31.0,63.0,2012-2013
135,2012-2013,Manchester United,Anders Lindegaard,900,23,17,6,0.0066666666666666,135043.0,/player/135043/anders-lindegaard/130034/,A. Lindegaard,Anders Lindegaard,28.0,Denmark,Manchester United,[England] Premier Le,GK,80.0,80kg / 176lbs,Right,78.0,GK,2.0,"Jan 4, 2011",,€3.4M,€40K,€0,71.0,13.0,15.0,13.0,18.0,12.0,104.0,16.0,10.0,17.0,27.0,34.0,297.0,47.0,62.0,61.0,71.0,56.0,232.0,27.0,74.0,41.0,72.0,18.0,146.0,33.0,22.0,18.0,32.0,41.0,,40.0,13.0,14.0,13.0,386.0,83.0,76.0,74.0,79.0,1276.0,441.0,3.0,1.0,Medium,Medium,2.0,83.0,76.0,74.0,79.0,55.0,74.0,2012-2013
136,2012-2013,Manchester United,Anderson,812,22,11,11,0.0135467980295566,167963.0,/player/167963/anderson-luis-de-abreu-oliveira/130034/,Anderson,Anderson Luis de Abreu Oliveira,24.0,Brazil,Manchester United,[England] Premier Le,LM,80.0,67kg / 148lbs,Left,78.0,LM,3.0,"Jul 1, 2007",,€4.9M,€40K,€0,332.0,70.0,59.0,69.0,82.0,52.0,378.0,82.0,80.0,55.0,77.0,84.0,389.0,79.0,78.0,79.0,75.0,78.0,359.0,78.0,75.0,81.0,68.0,57.0,349.0,67.0,70.0,74.0,77.0,61.0,,198.0,64.0,69.0,65.0,51.0,11.0,10.0,7.0,11.0,2056.0,437.0,2.0,3.0,Medium,Medium,2.0,78.0,63.0,76.0,82.0,67.0,71.0,2012-2013
137,2012-2013,Manchester United,Jonny Evans,1903,51,21,30,0.0157645822385706,169588.0,/player/169588/jonny-evans/130034/,J. Evans,Jonny Evans,24.0,Northern Ireland,Manchester United,[England] Premier Le,CB,80.0,82kg / 181lbs,Right,79.0,CB,1.0,"Jan 1, 2006",,€4.6M,€50K,€0,283.0,51.0,27.0,83.0,77.0,45.0,221.0,38.0,31.0,24.0,61.0,67.0,328.0,69.0,73.0,50.0,79.0,57.0,291.0,41.0,79.0,74.0,73.0,24.0,274.0,77.0,83.0,27.0,44.0,43.0,,240.0,78.0,83.0,79.0,62.0,11.0,15.0,14.0,7.0,1699.0,366.0,3.0,2.0,Low,Medium,2.0,71.0,31.0,58.0,51.0,81.0,74.0,2012-2013
138,2012-2013,Manchester United,Tom Cleverley,1448,34,13,21,0.0145027624309392,189725.0,/player/189725/tom-cleverley/130034/,T. Cleverley,Tom Cleverley,22.0,England,Manchester United,[England] Premier Le,CAM,83.0,67kg / 148lbs,Right,78.0,CAM,5.0,"Aug 1, 2008",,€11.5M,€40K,€0,326.0,75.0,54.0,47.0,83.0,67.0,361.0,81.0,58.0,61.0,78.0,83.0,380.0,76.0,77.0,75.0,75.0,77.0,343.0,74.0,62.0,68.0,64.0,75.0,351.0,65.0,59.0,73.0,82.0,72.0,,131.0,38.0,49.0,44.0,55.0,14.0,10.0,11.0,12.0,1947.0,413.0,3.0,3.0,High,Medium,2.0,77.0,65.0,78.0,81.0,47.0,65.0,2012-2013
139,2012-2013,Manchester United,Ryan Giggs,1140,26,12,14,0.0122807017543859,241.0,/player/241/ryan-giggs/130034/,R. Giggs,Ryan Giggs,38.0,Wales,Manchester United,[England] Premier Le,LW,80.0,71kg / 157lbs,Left,81.0,LW,0.0,"Dec 1, 1990",,€1.3M,€50K,€0,389.0,88.0,74.0,63.0,83.0,81.0,420.0,84.0,87.0,82.0,81.0,86.0,353.0,67.0,63.0,76.0,75.0,72.0,321.0,73.0,59.0,51.0,64.0,74.0,367.0,63.0,48.0,81.0,84.0,91.0,,117.0,26.0,46.0,45.0,32.0,10.0,5.0,5.0,5.0,1999.0,409.0,2.0,3.0,Medium,Medium,2.0,65.0,75.0,84.0,83.0,42.0,60.0,2012-2013
140,2012-2013,Manchester United,Antonio Valencia,2198,51,27,24,0.010919017288444,167905.0,/player/167905/antonio-valencia/130034/,A. Valencia,Antonio Valencia,26.0,Ecuador,Manchester United,[England] Premier Le,RM,83.0,78kg / 172lbs,Right,82.0,RM,0.0,"Jun 30, 2009",,€10M,€80K,€0,361.0,84.0,62.0,65.0,81.0,69.0,378.0,83.0,81.0,65.0,68.0,81.0,416.0,89.0,88.0,81.0,84.0,74.0,362.0,81.0,63.0,82.0,73.0,63.0,352.0,73.0,42.0,81.0,85.0,71.0,,142.0,42.0,49.0,51.0,46.0,15.0,10.0,6.0,6.0,2057.0,440.0,2.0,4.0,Medium,Medium,3.0,88.0,68.0,80.0,82.0,47.0,75.0,2012-2013
141,2011-2012,Manchester United,David de Gea,2610,67,27,40,0.0153256704980842,193080.0,/player/193080/david-de-gea-quintana/120002/,De Gea,David de Gea,20.0,Spain,Manchester United,[England] Premier Le,GK,84.0,82kg / 181lbs,Right,78.0,GK,6.0,"Jan 1, 2011",,€9.5M,€50K,€0,88.0,17.0,13.0,14.0,31.0,13.0,101.0,13.0,15.0,19.0,32.0,22.0,284.0,51.0,55.0,66.0,69.0,43.0,214.0,31.0,67.0,40.0,64.0,12.0,144.0,38.0,23.0,18.0,44.0,21.0,,38.0,13.0,12.0,13.0,398.0,80.0,75.0,75.0,84.0,1267.0,451.0,3.0,1.0,Medium,Medium,2.0,80.0,75.0,84.0,84.0,53.0,75.0,2011-2012
142,2011-2012,Manchester United,Javier Hernández,1468,40,9,31,0.021117166212534,178224.0,/player/178224/javier-hernandez/120002/,J. Hernández,Javier Hernández,23.0,Mexico,Manchester United,[England] Premier Le,ST,86.0,62kg / 137lbs,Right,82.0,ST,3.0,"Jan 1, 2010",,€17M,€100K,€0,375.0,62.0,87.0,83.0,68.0,75.0,324.0,71.0,67.0,52.0,55.0,79.0,429.0,91.0,89.0,81.0,84.0,84.0,365.0,77.0,85.0,75.0,56.0,72.0,326.0,59.0,26.0,88.0,72.0,81.0,,70.0,22.0,29.0,19.0,58.0,14.0,12.0,12.0,11.0,1947.0,406.0,4.0,3.0,Medium,Medium,3.0,90.0,81.0,65.0,76.0,31.0,63.0,2011-2012
143,2011-2012,Manchester United,Wayne Rooney,2834,76,24,52,0.018348623853211,54050.0,/player/54050/wayne-rooney/120002/,W. Rooney,Wayne Rooney,25.0,England,Manchester United,[England] Premier Le,CF,92.0,79kg / 174lbs,Right,87.0,CF,2.0,"Jan 1, 2004",,€38.5M,€200K,€0,422.0,79.0,90.0,80.0,84.0,89.0,421.0,83.0,84.0,82.0,84.0,88.0,406.0,82.0,84.0,80.0,87.0,73.0,433.0,91.0,79.0,90.0,88.0,85.0,395.0,92.0,43.0,91.0,84.0,85.0,,123.0,32.0,54.0,37.0,49.0,10.0,11.0,8.0,7.0,2249.0,474.0,4.0,3.0,High,High,5.0,83.0,89.0,83.0,84.0,46.0,89.0,2011-2012
144,2011-2012,Manchester United,Phil Jones,2121,45,18,27,0.0127298444130127,194957.0,/player/194957/phil-jones/120002/,P. Jones,Phil Jones,19.0,England,Manchester United,[England] Premier Le,CB,89.0,71kg / 157lbs,Right,78.0,CB,11.0,"Jan 1, 2011",,€15M,€50K,€0,317.0,59.0,46.0,74.0,79.0,59.0,266.0,57.0,37.0,34.0,66.0,72.0,342.0,69.0,76.0,52.0,78.0,67.0,352.0,67.0,84.0,74.0,69.0,58.0,283.0,78.0,79.0,41.0,58.0,27.0,,241.0,80.0,83.0,78.0,46.0,9.0,7.0,15.0,10.0,1847.0,406.0,3.0,2.0,Medium,High,2.0,73.0,52.0,65.0,63.0,80.0,73.0,2011-2012
145,2011-2012,Manchester United,Ashley Young,1561,39,16,23,0.0147341447789878,152908.0,/player/152908/ashley-young/120002/,A. Young,Ashley Young,25.0,England,Manchester United,[England] Premier Le,RW,88.0,65kg / 143lbs,Right,83.0,RW,5.0,"Jan 1, 2011",,€18.5M,€110K,€0,348.0,87.0,74.0,40.0,73.0,74.0,410.0,87.0,84.0,84.0,70.0,85.0,434.0,93.0,93.0,89.0,76.0,83.0,338.0,77.0,57.0,79.0,48.0,77.0,324.0,45.0,46.0,76.0,83.0,74.0,,103.0,24.0,29.0,50.0,67.0,15.0,9.0,15.0,14.0,2024.0,422.0,3.0,4.0,High,Medium,3.0,93.0,75.0,78.0,86.0,34.0,56.0,2011-2012
146,2011-2012,Manchester United,Chris Smalling,1293,36,13,23,0.0177880897138437,189881.0,/player/189881/chris-smalling/120002/,C. Smalling,Chris Smalling,21.0,England,Manchester United,[England] Premier Le,CB,84.0,81kg / 179lbs,Right,78.0,CB,6.0,"Jan 1, 2010",,€11.5M,€50K,€0,245.0,55.0,15.0,79.0,73.0,23.0,221.0,61.0,25.0,16.0,53.0,66.0,323.0,73.0,75.0,51.0,79.0,45.0,270.0,41.0,66.0,77.0,76.0,10.0,270.0,77.0,82.0,21.0,48.0,42.0,,242.0,82.0,82.0,78.0,66.0,9.0,14.0,14.0,14.0,1637.0,370.0,3.0,2.0,Medium,Medium,2.0,74.0,21.0,56.0,62.0,81.0,76.0,2011-2012
147,2011-2012,Manchester United,Michael Carrick,2492,63,19,44,0.0176565008025682,21146.0,/player/21146/michael-carrick/120002/,M. Carrick,Michael Carrick,29.0,England,Manchester United,[England] Premier Le,CM,81.0,74kg / 163lbs,Right,80.0,CM,0.0,"Jan 1, 2006",,€6.5M,€60K,€0,364.0,76.0,63.0,73.0,85.0,67.0,382.0,74.0,64.0,75.0,86.0,83.0,328.0,62.0,65.0,58.0,80.0,63.0,380.0,78.0,72.0,79.0,75.0,76.0,386.0,72.0,86.0,71.0,79.0,78.0,,217.0,71.0,74.0,72.0,60.0,13.0,12.0,15.0,9.0,2117.0,440.0,4.0,2.0,Medium,High,3.0,64.0,70.0,81.0,75.0,75.0,75.0,2011-2012
148,2011-2012,Manchester United,Rio Ferdinand,2565,57,23,34,0.0132553606237816,7289.0,/player/7289/rio-ferdinand/120002/,R. Ferdinand,Rio Ferdinand,32.0,England,Manchester United,[England] Premier Le,CB,84.0,82kg / 181lbs,Right,83.0,CB,0.0,"Jan 1, 2002",,€6.5M,€100K,€0,295.0,45.0,39.0,86.0,74.0,51.0,277.0,58.0,51.0,27.0,73.0,68.0,301.0,61.0,62.0,54.0,80.0,44.0,291.0,59.0,65.0,55.0,83.0,29.0,309.0,81.0,86.0,32.0,56.0,54.0,,262.0,86.0,90.0,86.0,40.0,12.0,9.0,9.0,5.0,1775.0,388.0,3.0,2.0,Medium,Medium,3.0,62.0,42.0,61.0,61.0,87.0,75.0,2011-2012
149,2011-2012,Manchester United,Patrice Evra,3238,86,29,57,0.0176034589252625,52091.0,/player/52091/patrice-evra/120002/,P. Evra,Patrice Evra,30.0,France,Manchester United,[England] Premier Le,LB,84.0,72kg / 159lbs,Left,83.0,LB,0.0,"Jan 1, 2006",,€9.5M,€100K,€0,328.0,78.0,41.0,74.0,82.0,53.0,352.0,77.0,70.0,51.0,73.0,81.0,397.0,77.0,79.0,84.0,82.0,75.0,359.0,74.0,87.0,84.0,76.0,38.0,358.0,86.0,83.0,67.0,64.0,58.0,,261.0,83.0,87.0,91.0,57.0,15.0,15.0,14.0,7.0,2112.0,446.0,2.0,3.0,High,Medium,3.0,78.0,50.0,74.0,79.0,84.0,81.0,2011-2012
150,2011-2012,Manchester United,Paul Scholes,1169,31,7,24,0.020530367835757,246.0,/player/246/paul-scholes/120002/,P. Scholes,Paul Scholes,36.0,England,Manchester United,[England] Premier Le,CAM,81.0,74kg / 163lbs,Right,83.0,CAM,0.0,"Jan 1, 2012",,€1.2M,€50K,€0,394.0,83.0,65.0,72.0,89.0,85.0,394.0,75.0,74.0,67.0,90.0,88.0,343.0,53.0,55.0,71.0,82.0,82.0,354.0,88.0,64.0,47.0,71.0,84.0,421.0,87.0,79.0,85.0,93.0,77.0,,143.0,58.0,49.0,36.0,47.0,7.0,12.0,15.0,8.0,2096.0,423.0,3.0,3.0,Medium,Medium,2.0,54.0,76.0,87.0,79.0,59.0,68.0,2011-2012
151,2011-2012,Manchester United,Antonio Valencia,2114,55,16,39,0.0184484389782403,167905.0,/player/167905/antonio-valencia/120002/,A. Valencia,Antonio Valencia,25.0,Ecuador,Manchester United,[England] Premier Le,RM,85.0,73kg / 161lbs,Right,82.0,RM,2.0,"Jan 1, 2009",,€12.5M,€90K,€0,368.0,86.0,66.0,68.0,79.0,69.0,376.0,83.0,80.0,65.0,67.0,81.0,412.0,92.0,93.0,81.0,81.0,65.0,363.0,84.0,63.0,79.0,73.0,64.0,353.0,77.0,44.0,79.0,82.0,71.0,,147.0,47.0,49.0,51.0,46.0,15.0,10.0,6.0,6.0,2065.0,448.0,2.0,4.0,Medium,Medium,3.0,93.0,70.0,79.0,81.0,50.0,75.0,2011-2012
152,2011-2012,Manchester United,Rafael,1001,28,12,16,0.0159840159840159,189681.0,/player/189681/rafael-pereira-da-silva/120002/,Rafael,Rafael Pereira da Silva,20.0,Brazil,Manchester United,[England] Premier Le,RWB,82.0,69kg / 152lbs,Right,77.0,RWB,6.0,"Jan 1, 2008",,€8M,€50K,€0,316.0,75.0,48.0,59.0,76.0,58.0,344.0,77.0,71.0,50.0,67.0,79.0,410.0,85.0,83.0,82.0,76.0,84.0,337.0,63.0,73.0,74.0,65.0,62.0,324.0,83.0,71.0,59.0,62.0,49.0,,238.0,77.0,82.0,79.0,42.0,13.0,6.0,11.0,7.0,2011.0,434.0,4.0,3.0,High,Medium,2.0,84.0,55.0,70.0,78.0,76.0,71.0,2011-2012
153,2011-2012,Manchester United,Dimitar Berbatov,516,13,6,7,0.0135658914728682,30110.0,/player/30110/dimitar-berbatov/120002/,D. Berbatov,Dimitar Berbatov,30.0,Bulgaria,Manchester United,[England] Premier Le,ST,82.0,80kg / 176lbs,Right,81.0,ST,0.0,"Jan 1, 2008",,€10.5M,€80K,€0,420.0,78.0,88.0,85.0,83.0,86.0,388.0,82.0,77.0,65.0,77.0,87.0,330.0,68.0,68.0,69.0,73.0,52.0,359.0,84.0,75.0,58.0,72.0,70.0,298.0,42.0,28.0,81.0,75.0,72.0,,35.0,11.0,14.0,10.0,53.0,15.0,6.0,8.0,15.0,1883.0,394.0,3.0,4.0,Low,Low,3.0,68.0,82.0,78.0,80.0,23.0,63.0,2011-2012
154,2011-2012,Manchester United,Ryan Giggs,1461,34,13,21,0.0143737166324435,241.0,/player/241/ryan-giggs/120002/,R. Giggs,Ryan Giggs,37.0,Wales,Manchester United,[England] Premier Le,CAM,82.0,70kg / 154lbs,Left,83.0,CAM,0.0,"Jan 1, 1990",,€550K,€70K,€0,393.0,88.0,76.0,63.0,85.0,81.0,421.0,84.0,87.0,82.0,81.0,87.0,367.0,73.0,67.0,80.0,75.0,72.0,327.0,75.0,59.0,52.0,64.0,77.0,365.0,63.0,48.0,87.0,86.0,81.0,,117.0,26.0,46.0,45.0,32.0,10.0,5.0,5.0,5.0,2022.0,418.0,3.0,3.0,Medium,Medium,3.0,70.0,77.0,85.0,83.0,42.0,61.0,2011-2012
155,2011-2012,Manchester United,Nani,2101,51,20,31,0.0147548786292241,139068.0,/player/139068/luis-carlos-almeida-da-cunha/120002/,Nani,Luís Carlos Almeida da Cunha,24.0,Portugal,Manchester United,[England] Premier Le,RW,89.0,66kg / 146lbs,Right,86.0,RW,3.0,"Jan 1, 2007",,€26.5M,€140K,€0,367.0,85.0,79.0,46.0,82.0,75.0,408.0,89.0,80.0,74.0,77.0,88.0,431.0,89.0,85.0,93.0,79.0,85.0,369.0,85.0,51.0,80.0,69.0,84.0,331.0,58.0,31.0,85.0,85.0,72.0,,57.0,15.0,22.0,20.0,40.0,5.0,10.0,6.0,6.0,2003.0,431.0,4.0,5.0,High,Medium,3.0,87.0,81.0,82.0,88.0,24.0,69.0,2011-2012
