club_name,player_name,age,position,club_involved_name,fee,transfer_movement,transfer_period,fee_cleaned,league_name,year,season,country
Chelsea FC,Filipe Luís,29.0,Left-Back,Atlético Madrid,€16.00m,out,Summer,16.0,Premier League,2015,2015/2016,England
Chelsea FC,Petr Cech,33.0,Goalkeeper,Arsenal,€14.00m,out,Summer,14.0,Premier League,2015,2015/2016,England
Chelsea FC,Thorgan Hazard,22.0,Left Winger,Bor. M'gladbach,€8.00m,out,Summer,8.0,Premier League,2015,2015/2016,England
Chelsea FC,Oriol Romeu,23.0,Defensive Midfield,Southampton,€7.00m,out,Summer,7.0,Premier League,2015,2015/2016,England
Chelsea FC,Gaël Kakuta,24.0,Attacking Midfield,Sevilla FC,€6.00m,out,Summer,6.0,Premier League,2015,2015/2016,England
Chelsea FC,Josh McEachran,22.0,Central Midfield,Brentford,€1.04m,out,Summer,1.04,Premier League,2015,2015/2016,England
Manchester City,Álvaro Negredo,29.0,Centre-Forward,Valencia,€28.00m,out,Summer,28.0,Premier League,2015,2015/2016,England
Manchester City,Rony Lopes,19.0,Right Winger,Monaco,€12.00m,out,Summer,12.0,Premier League,2015,2015/2016,England
Manchester City,Matija Nastasić,22.0,Centre-Back,FC Schalke 04,€9.50m,out,Summer,9.5,Premier League,2015,2015/2016,England
Manchester City,Karim Rekik,20.0,Centre-Back,Marseille,€5.00m,out,Summer,5.0,Premier League,2015,2015/2016,England
Manchester City,Scott Sinclair,26.0,Left Winger,Aston Villa,€3.50m,out,Summer,3.5,Premier League,2015,2015/2016,England
Manchester City,Dedryck Boyata,24.0,Centre-Back,Celtic,€2.00m,out,Summer,2.0,Premier League,2015,2015/2016,England
Manchester City,José Pozo,19.0,Attacking Midfield,UD Almería,€500Th.,out,Summer,0.5,Premier League,2015,2015/2016,England
Arsenal FC,Lukas Podolski,30.0,Attacking Midfield,Galatasaray,€2.50m,out,Summer,2.5,Premier League,2015,2015/2016,England
Manchester United,Ángel Di María,27.0,Right Winger,Paris SG,€63.00m,out,Summer,63.0,Premier League,2015,2015/2016,England
Manchester United,Chicharito,27.0,Centre-Forward,Bay. Leverkusen,€12.00m,out,Summer,12.0,Premier League,2015,2015/2016,England
Manchester United,Jonny Evans,27.0,Centre-Back,West Brom,€8.30m,out,Summer,8.3,Premier League,2015,2015/2016,England
Manchester United,Robin van Persie,31.0,Centre-Forward,Fenerbahce,€6.50m,out,Summer,6.5,Premier League,2015,2015/2016,England
Manchester United,Nani,28.0,Left Winger,Fenerbahce,€6.00m,out,Summer,6.0,Premier League,2015,2015/2016,England
Manchester United,Rafael,25.0,Right-Back,Olympique Lyon,€3.20m,out,Summer,3.2,Premier League,2015,2015/2016,England
Manchester United,Ángelo Henríquez,21.0,Centre-Forward,Dinamo Zagreb,€1.67m,out,Summer,1.67,Premier League,2015,2015/2016,England
Tottenham Hotspur,Roberto Soldado,30.0,Centre-Forward,Villarreal,€16.00m,out,Summer,16.0,Premier League,2015,2015/2016,England
Tottenham Hotspur,Paulinho,26.0,Central Midfield,GZ Evergrande,€14.00m,out,Summer,14.0,Premier League,2015,2015/2016,England
Tottenham Hotspur,Étienne Capoue,26.0,Defensive Midfield,Watford,€8.90m,out,Summer,8.9,Premier League,2015,2015/2016,England
Tottenham Hotspur,Benjamin Stambouli,24.0,Defensive Midfield,Paris SG,€8.60m,out,Summer,8.6,Premier League,2015,2015/2016,England
Tottenham Hotspur,Vlad Chiriches,25.0,Centre-Back,SSC Napoli,€7.00m,out,Summer,7.0,Premier League,2015,2015/2016,England
Tottenham Hotspur,Lewis Holtby,24.0,Central Midfield,Hamburger SV,€6.50m,out,Summer,6.5,Premier League,2015,2015/2016,England
Tottenham Hotspur,Aaron Lennon,28.0,Right Winger,Everton,€6.00m,out,Summer,6.0,Premier League,2015,2015/2016,England
Tottenham Hotspur,Younès Kaboul,29.0,Centre-Back,Sunderland,€4.30m,out,Summer,4.3,Premier League,2015,2015/2016,England
Tottenham Hotspur,Ryan Fredericks,22.0,Right-Back,Bristol City,€250Th.,out,Summer,0.25,Premier League,2015,2015/2016,England
Liverpool FC,Raheem Sterling,20.0,Left Winger,Man City,€63.70m,out,Summer,63.7,Premier League,2015,2015/2016,England
Liverpool FC,Fabio Borini,24.0,Left Winger,Sunderland,€10.70m,out,Summer,10.7,Premier League,2015,2015/2016,England
Liverpool FC,Iago Aspas,27.0,Centre-Forward,Sevilla FC,€6.00m,out,Summer,6.0,Premier League,2015,2015/2016,England
Liverpool FC,Rickie Lambert,33.0,Centre-Forward,West Brom,€4.20m,out,Summer,4.2,Premier League,2015,2015/2016,England
Liverpool FC,Sebastián Coates,24.0,Centre-Back,Sunderland,€2.80m,out,Summer,2.8,Premier League,2015,2015/2016,England
Southampton FC,Morgan Schneiderlin,25.0,Defensive Midfield,Man Utd,€35.00m,out,Summer,35.0,Premier League,2015,2015/2016,England
Southampton FC,Nathaniel Clyne,24.0,Right-Back,Liverpool,€17.70m,out,Summer,17.7,Premier League,2015,2015/2016,England
Swansea City,Jazz Richards,24.0,Right-Back,Fulham,€705Th.,out,Summer,0.705,Premier League,2015,2015/2016,England
Stoke City,Asmir Begovic,28.0,Goalkeeper,Chelsea,€11.00m,out,Summer,11.0,Premier League,2015,2015/2016,England
Stoke City,Steven Nzonzi,26.0,Defensive Midfield,Sevilla FC,€8.00m,out,Summer,8.0,Premier League,2015,2015/2016,England
Stoke City,Robert Huth,30.0,Centre-Back,Leicester,€4.20m,out,Summer,4.2,Premier League,2015,2015/2016,England
Crystal Palace,Glenn Murray,31.0,Centre-Forward,Bournemouth,€5.40m,out,Summer,5.4,Premier League,2015,2015/2016,England
West Ham United,Stewart Downing,30.0,Left Midfield,Middlesbrough,€7.90m,out,Summer,7.9,Premier League,2015,2015/2016,England
West Ham United,Modibo Maïga,27.0,Centre-Forward,Al-Nassr FC,€4.00m,out,Summer,4.0,Premier League,2015,2015/2016,England
West Bromwich Albion,Brown Ideye,26.0,Centre-Forward,Olympiacos,€5.42m,out,Summer,5.42,Premier League,2015,2015/2016,England
West Bromwich Albion,Graham Dorrans,28.0,Central Midfield,Norwich,€4.10m,out,Summer,4.1,Premier League,2015,2015/2016,England
West Bromwich Albion,Sebastián Blanco,27.0,Attacking Midfield,San Lorenzo,€2.00m,out,Summer,2.0,Premier League,2015,2015/2016,England
West Bromwich Albion,Joleon Lescott,33.0,Centre-Back,Aston Villa,€1.40m,out,Summer,1.4,Premier League,2015,2015/2016,England
Leicester City,David Nugent,30.0,Centre-Forward,Middlesbrough,€5.60m,out,Summer,5.6,Premier League,2015,2015/2016,England
Leicester City,Chris Wood,23.0,Centre-Forward,Leeds,€3.60m,out,Summer,3.6,Premier League,2015,2015/2016,England
Newcastle United,Davide Santon,24.0,Right-Back,Inter,€3.70m,out,Summer,3.7,Premier League,2015,2015/2016,England
Newcastle United,Mehdi Abeid,23.0,Central Midfield,Panathinaikos,€600Th.,out,Summer,0.6,Premier League,2015,2015/2016,England
Sunderland AFC,Connor Wickham,22.0,Centre-Forward,Crystal Palace,€10.00m,out,Summer,10.0,Premier League,2015,2015/2016,England
Sunderland AFC,El-Hadji Ba,22.0,Defensive Midfield,Charlton,€500Th.,out,Summer,0.5,Premier League,2015,2015/2016,England
Aston Villa,Christian Benteke,24.0,Centre-Forward,Liverpool,€46.50m,out,Summer,46.5,Premier League,2015,2015/2016,England
Aston Villa,Fabian Delph,25.0,Central Midfield,Man City,€11.50m,out,Summer,11.5,Premier League,2015,2015/2016,England
Aston Villa,Andreas Weimann,23.0,Right Winger,Derby,€3.80m,out,Summer,3.8,Premier League,2015,2015/2016,England
Aston Villa,Yacouba Sylla,24.0,Defensive Midfield,Stade Rennais,€1.50m,out,Summer,1.5,Premier League,2015,2015/2016,England
Aston Villa,Matthew Lowton,26.0,Right-Back,Burnley,€1.40m,out,Summer,1.4,Premier League,2015,2015/2016,England
Watford FC,Fernando Forestieri,25.0,Second Striker,Sheff Wed,€4.12m,out,Summer,4.12,Premier League,2015,2015/2016,England
Watford FC,Lewis McGugan,26.0,Central Midfield,Sheff Wed,€430Th.,out,Summer,0.43,Premier League,2015,2015/2016,England
Norwich City,Bradley Johnson,28.0,Central Midfield,Derby,€8.10m,out,Summer,8.1,Premier League,2015,2015/2016,England
Norwich City,Cameron McGeehan,20.0,Central Midfield,Luton,€140Th.,out,Summer,0.14,Premier League,2015,2015/2016,England
Chelsea FC,Ramires,28.0,Central Midfield,JS Suning,€28.00m,out,Winter,28.0,Premier League,2015,2015/2016,England
Tottenham Hotspur,Andros Townsend,24.0,Right Winger,Newcastle,€15.70m,out,Winter,15.7,Premier League,2015,2015/2016,England
Swansea City,Jonjo Shelvey,23.0,Central Midfield,Newcastle,€16.00m,out,Winter,16.0,Premier League,2015,2015/2016,England
Everton FC,Steven Naismith,29.0,Second Striker,Norwich,€11.00m,out,Winter,11.0,Premier League,2015,2015/2016,England
West Ham United,Matt Jarvis,29.0,Left Winger,Norwich,€3.40m,out,Winter,3.4,Premier League,2015,2015/2016,England
West Ham United,Mauro Zárate,28.0,Second Striker,Fiorentina,€2.10m,out,Winter,2.1,Premier League,2015,2015/2016,England
West Ham United,Nikica Jelavic,30.0,Centre-Forward,BJ Renhe,€1.12m,out,Winter,1.12,Premier League,2015,2015/2016,England
Newcastle United,Shane Ferguson,24.0,Left Midfield,Millwall,€400Th.,out,Winter,0.4,Premier League,2015,2015/2016,England
Newcastle United,Mike Williamson,32.0,Centre-Back,Wolves,€330Th.,out,Winter,0.33,Premier League,2015,2015/2016,England
AFC Bournemouth,Yann Kermorgant,34.0,Centre-Forward,Reading,€650Th.,out,Winter,0.65,Premier League,2015,2015/2016,England
Watford FC,Diego Fabbrini,25.0,Attacking Midfield,Birmingham,€2.00m,out,Winter,2.0,Premier League,2015,2015/2016,England
Norwich City,Lewis Grabban,27.0,Centre-Forward,Bournemouth,€9.35m,out,Winter,9.35,Premier League,2015,2015/2016,England
Norwich City,Gary Hooper,27.0,Centre-Forward,Sheff Wed,€3.90m,out,Winter,3.9,Premier League,2015,2015/2016,England
Leicester City,N'Golo Kanté,25.0,Defensive Midfield,Chelsea,€35.80m,out,Summer,35.8,Premier League,2016,2016/2017,England
Leicester City,Andrej Kramaric,25.0,Centre-Forward,TSG Hoffenheim,€11.00m,out,Summer,11.0,Premier League,2016,2016/2017,England
Leicester City,Ritchie De Laet,27.0,Centre-Back,Aston Villa,€2.30m,out,Summer,2.3,Premier League,2016,2016/2017,England
Leicester City,Liam Moore,23.0,Centre-Back,Reading,€1.15m,out,Summer,1.15,Premier League,2016,2016/2017,England
Arsenal FC,Serge Gnabry,21.0,Right Winger,Werder Bremen,€5.00m,out,Summer,5.0,Premier League,2016,2016/2017,England
Arsenal FC,Wellington Silva,23.0,Right Winger,Fluminense,€3.00m,out,Summer,3.0,Premier League,2016,2016/2017,England
Tottenham Hotspur,Ryan Mason,25.0,Central Midfield,Hull City,€15.40m,out,Summer,15.4,Premier League,2016,2016/2017,England
Tottenham Hotspur,Nacer Chadli,27.0,Left Winger,West Brom,€15.20m,out,Summer,15.2,Premier League,2016,2016/2017,England
Tottenham Hotspur,Alex Pritchard,23.0,Attacking Midfield,Norwich,€9.40m,out,Summer,9.4,Premier League,2016,2016/2017,England
Tottenham Hotspur,DeAndre Yedlin,23.0,Right-Back,Newcastle,€5.90m,out,Summer,5.9,Premier League,2016,2016/2017,England
Manchester City,Edin Dzeko,30.0,Centre-Forward,AS Roma,€11.00m,out,Summer,11.0,Premier League,2016,2016/2017,England
Manchester City,Florian Lejeune,25.0,Centre-Back,SD Eibar,€1.50m,out,Summer,1.5,Premier League,2016,2016/2017,England
Manchester United,Paddy McNair,21.0,Centre-Back,Sunderland,€5.25m,out,Summer,5.25,Premier League,2016,2016/2017,England
Manchester United,Tyler Blackett,22.0,Left-Back,Reading,€1.80m,out,Summer,1.8,Premier League,2016,2016/2017,England
Manchester United,Will Keane,23.0,Centre-Forward,Hull City,€1.20m,out,Summer,1.2,Premier League,2016,2016/2017,England
Southampton FC,Sadio Mané,24.0,Left Winger,Liverpool,€41.20m,out,Summer,41.2,Premier League,2016,2016/2017,England
Southampton FC,Graziano Pellè,30.0,Centre-Forward,SD Luneng,€15.25m,out,Summer,15.25,Premier League,2016,2016/2017,England
Southampton FC,Victor Wanyama,25.0,Defensive Midfield,Spurs,€14.40m,out,Summer,14.4,Premier League,2016,2016/2017,England
Southampton FC,Juanmi,23.0,Left Winger,Real Sociedad,€5.00m,out,Summer,5.0,Premier League,2016,2016/2017,England
West Ham United,James Tomkins,27.0,Centre-Back,Crystal Palace,€11.70m,out,Summer,11.7,Premier League,2016,2016/2017,England
Liverpool FC,Christian Benteke,25.0,Centre-Forward,Crystal Palace,€31.20m,out,Summer,31.2,Premier League,2016,2016/2017,England
Liverpool FC,Jordon Ibe,20.0,Right Winger,Bournemouth,€18.00m,out,Summer,18.0,Premier League,2016,2016/2017,England
Liverpool FC,Joe Allen,26.0,Central Midfield,Stoke City,€15.50m,out,Summer,15.5,Premier League,2016,2016/2017,England
Liverpool FC,Martin Skrtel,31.0,Centre-Back,Fenerbahce,€6.00m,out,Summer,6.0,Premier League,2016,2016/2017,England
Liverpool FC,Luis Alberto,23.0,Central Midfield,Lazio,€4.00m,out,Summer,4.0,Premier League,2016,2016/2017,England
Liverpool FC,Brad Smith,22.0,Left-Back,Bournemouth,€3.60m,out,Summer,3.6,Premier League,2016,2016/2017,England
Liverpool FC,Lawrence Vigouroux,22.0,Goalkeeper,Swindon Town,€480Th.,out,Summer,0.48,Premier League,2016,2016/2017,England
Stoke City,Marc Wilson,28.0,Centre-Back,Bournemouth,€2.30m,out,Summer,2.3,Premier League,2016,2016/2017,England
Chelsea FC,Mohamed Salah,24.0,Right Winger,AS Roma,€15.00m,out,Summer,15.0,Premier League,2016,2016/2017,England
Chelsea FC,Papy Djilobodji,27.0,Centre-Back,Sunderland,€9.50m,out,Summer,9.5,Premier League,2016,2016/2017,England
Chelsea FC,Stipe Perica,20.0,Centre-Forward,Udinese Calcio,€4.50m,out,Summer,4.5,Premier League,2016,2016/2017,England
Chelsea FC,Marko Marin,27.0,Attacking Midfield,Olympiacos,€3.00m,out,Summer,3.0,Premier League,2016,2016/2017,England
Everton FC,John Stones,22.0,Centre-Back,Man City,€55.60m,out,Summer,55.6,Premier League,2016,2016/2017,England
Swansea City,André Ayew,26.0,Left Winger,West Ham,€24.10m,out,Summer,24.1,Premier League,2016,2016/2017,England
Swansea City,Ashley Williams,31.0,Centre-Back,Everton,€14.00m,out,Summer,14.0,Premier League,2016,2016/2017,England
Swansea City,Alberto Paloschi,26.0,Centre-Forward,Atalanta BC,€6.70m,out,Summer,6.7,Premier League,2016,2016/2017,England
Swansea City,Éder,28.0,Centre-Forward,LOSC Lille,€4.50m,out,Summer,4.5,Premier League,2016,2016/2017,England
Watford FC,Matej Vydra,24.0,Centre-Forward,Derby,€9.40m,out,Summer,9.4,Premier League,2016,2016/2017,England
Watford FC,Miguel Layún,28.0,Right-Back,FC Porto,€6.00m,out,Summer,6.0,Premier League,2016,2016/2017,England
Watford FC,Ikechi Anya,28.0,Left Midfield,Derby,€4.70m,out,Summer,4.7,Premier League,2016,2016/2017,England
Watford FC,Allan Nyom,28.0,Right-Back,West Brom,€4.70m,out,Summer,4.7,Premier League,2016,2016/2017,England
Watford FC,Almen Abdi,29.0,Central Midfield,Sheff Wed,€3.60m,out,Summer,3.6,Premier League,2016,2016/2017,England
Watford FC,José Manuel Jurado,30.0,Attacking Midfield,Espanyol,€1.20m,out,Summer,1.2,Premier League,2016,2016/2017,England
West Bromwich Albion,James Chester,27.0,Centre-Back,Aston Villa,€9.30m,out,Summer,9.3,Premier League,2016,2016/2017,England
West Bromwich Albion,Rickie Lambert,34.0,Centre-Forward,Cardiff,€2.00m,out,Summer,2.0,Premier League,2016,2016/2017,England
West Bromwich Albion,Cristian Gamboa,26.0,Right-Back,Celtic,€1.20m,out,Summer,1.2,Premier League,2016,2016/2017,England
Crystal Palace,Yannick Bolasie,27.0,Left Winger,Everton,€28.90m,out,Summer,28.9,Premier League,2016,2016/2017,England
Crystal Palace,Dwight Gayle,26.0,Centre-Forward,Newcastle,€12.00m,out,Summer,12.0,Premier League,2016,2016/2017,England
Crystal Palace,Alex McCarthy,26.0,Goalkeeper,Southampton,€4.70m,out,Summer,4.7,Premier League,2016,2016/2017,England
Crystal Palace,Mile Jedinak,32.0,Defensive Midfield,Aston Villa,€4.60m,out,Summer,4.6,Premier League,2016,2016/2017,England
AFC Bournemouth,Matt Ritchie,26.0,Left-Back,Newcastle,€12.00m,out,Summer,12.0,Premier League,2016,2016/2017,England
AFC Bournemouth,Tommy Elphick,28.0,Centre-Back,Aston Villa,€3.90m,out,Summer,3.9,Premier League,2016,2016/2017,England
AFC Bournemouth,Lee Tomlin,27.0,Second Striker,Bristol City,€3.50m,out,Summer,3.5,Premier League,2016,2016/2017,England
AFC Bournemouth,Eunan O'Kane,26.0,Central Midfield,Leeds,€500Th.,out,Summer,0.5,Premier League,2016,2016/2017,England
AFC Bournemouth,Shaun MacDonald,28.0,Central Midfield,Wigan,€290Th.,out,Summer,0.29,Premier League,2016,2016/2017,England
Sunderland AFC,Younès Kaboul,30.0,Centre-Back,Watford,€4.00m,out,Summer,4.0,Premier League,2016,2016/2017,England
Sunderland AFC,Emanuele Giaccherini,31.0,Left Midfield,SSC Napoli,€1.50m,out,Summer,1.5,Premier League,2016,2016/2017,England
Sunderland AFC,Liam Bridcutt,27.0,Defensive Midfield,Leeds,€1.15m,out,Summer,1.15,Premier League,2016,2016/2017,England
Sunderland AFC,Santiago Vergini,27.0,Centre-Back,Boca Juniors,€900Th.,out,Summer,0.9,Premier League,2016,2016/2017,England
Middlesbrough FC,Adam Reach,23.0,Left Midfield,Sheff Wed,€5.90m,out,Summer,5.9,Premier League,2016,2016/2017,England
Middlesbrough FC,Albert Adomah,28.0,Right Winger,Aston Villa,€3.50m,out,Summer,3.5,Premier League,2016,2016/2017,England
Hull City,Mohamed Diamé,29.0,Defensive Midfield,Newcastle,€5.40m,out,Summer,5.4,Premier League,2016,2016/2017,England
Leicester City,Jeffrey Schlupp,24.0,Left Midfield,Crystal Palace,€13.80m,out,Winter,13.8,Premier League,2016,2016/2017,England
Leicester City,Luis Hernández,27.0,Centre-Back,Málaga CF,€2.00m,out,Winter,2.0,Premier League,2016,2016/2017,England
Tottenham Hotspur,Tom Carroll,24.0,Central Midfield,Swansea,€5.20m,out,Winter,5.2,Premier League,2016,2016/2017,England
Manchester City,Stevan Jovetic,27.0,Centre-Forward,Inter,€13.50m,out,Winter,13.5,Premier League,2016,2016/2017,England
Manchester City,Gerónimo Rulli,24.0,Goalkeeper,Real Sociedad,€7.00m,out,Winter,7.0,Premier League,2016,2016/2017,England
Manchester United,Morgan Schneiderlin,27.0,Defensive Midfield,Everton,€23.00m,out,Winter,23.0,Premier League,2016,2016/2017,England
Manchester United,Memphis Depay,22.0,Centre-Forward,Olympique Lyon,€16.00m,out,Winter,16.0,Premier League,2016,2016/2017,England
Southampton FC,José Fonte,33.0,Centre-Back,West Ham,€9.20m,out,Winter,9.2,Premier League,2016,2016/2017,England
West Ham United,Dimitri Payet,29.0,Attacking Midfield,Marseille,€29.30m,out,Winter,29.3,Premier League,2016,2016/2017,England
Liverpool FC,Tiago Ilori,23.0,Centre-Back,Reading,€4.30m,out,Winter,4.3,Premier League,2016,2016/2017,England
Chelsea FC,Oscar,25.0,Attacking Midfield,SH SIPG,€60.00m,out,Winter,60.0,Premier League,2016,2016/2017,England
Chelsea FC,Patrick Bamford,23.0,Centre-Forward,Middlesbrough,€6.90m,out,Winter,6.9,Premier League,2016,2016/2017,England
Everton FC,Darron Gibson,29.0,Central Midfield,Sunderland,€2.50m,out,Winter,2.5,Premier League,2016,2016/2017,England
Everton FC,Bryan Oviedo,26.0,Left-Back,Sunderland,€2.00m,out,Winter,2.0,Premier League,2016,2016/2017,England
Watford FC,Odion Ighalo,27.0,Centre-Forward,CC Yatai,€23.30m,out,Winter,23.3,Premier League,2016,2016/2017,England
Watford FC,Adlène Guédioura,31.0,Central Midfield,Middlesbrough,€5.20m,out,Winter,5.2,Premier League,2016,2016/2017,England
West Bromwich Albion,Saido Berahino,23.0,Centre-Forward,Stoke City,€13.90m,out,Winter,13.9,Premier League,2016,2016/2017,England
AFC Bournemouth,Glenn Murray,33.0,Centre-Forward,Brighton,€3.50m,out,Winter,3.5,Premier League,2016,2016/2017,England
Sunderland AFC,Patrick van Aanholt,26.0,Left-Back,Crystal Palace,€10.50m,out,Winter,10.5,Premier League,2016,2016/2017,England
Sunderland AFC,Sebastián Coates,26.0,Centre-Back,Sporting CP,€4.72m,out,Winter,4.72,Premier League,2016,2016/2017,England
Burnley FC,Lukas Jutkiewicz,27.0,Centre-Forward,Birmingham,€1.20m,out,Winter,1.2,Premier League,2016,2016/2017,England
Middlesbrough FC,David Nugent,31.0,Centre-Forward,Derby,€2.90m,out,Winter,2.9,Premier League,2016,2016/2017,England
Middlesbrough FC,Emilio Nsue,27.0,Right-Back,Birmingham,€1.20m,out,Winter,1.2,Premier League,2016,2016/2017,England
Hull City,Robert Snodgrass,29.0,Right Winger,West Ham,€12.00m,out,Winter,12.0,Premier League,2016,2016/2017,England
Hull City,Jake Livermore,27.0,Defensive Midfield,West Brom,€11.50m,out,Winter,11.5,Premier League,2016,2016/2017,England
Chelsea FC,Nemanja Matić,28.0,Defensive Midfield,Man Utd,€44.70m,out,Summer,44.7,Premier League,2017,2017/2018,England
Chelsea FC,Nathan Aké,22.0,Centre-Back,Bournemouth,€22.80m,out,Summer,22.8,Premier League,2017,2017/2018,England
Chelsea FC,Juan Cuadrado,29.0,Right-Back,Juventus,€20.00m,out,Summer,20.0,Premier League,2017,2017/2018,England
Chelsea FC,Asmir Begovic,30.0,Goalkeeper,Bournemouth,€11.50m,out,Summer,11.5,Premier League,2017,2017/2018,England
Chelsea FC,Bertrand Traoré,21.0,Right Winger,Olympique Lyon,€10.00m,out,Summer,10.0,Premier League,2017,2017/2018,England
Chelsea FC,Christian Atsu,25.0,Left Winger,Newcastle,€7.50m,out,Summer,7.5,Premier League,2017,2017/2018,England
Chelsea FC,Nathaniel Chalobah,22.0,Defensive Midfield,Watford,€6.30m,out,Summer,6.3,Premier League,2017,2017/2018,England
Tottenham Hotspur,Kyle Walker,27.0,Right-Back,Man City,€52.70m,out,Summer,52.7,Premier League,2017,2017/2018,England
Tottenham Hotspur,Kevin Wimmer,24.0,Centre-Back,Stoke City,€19.40m,out,Summer,19.4,Premier League,2017,2017/2018,England
Tottenham Hotspur,Nabil Bentaleb,22.0,Central Midfield,FC Schalke 04,€19.00m,out,Summer,19.0,Premier League,2017,2017/2018,England
Tottenham Hotspur,Clinton N'Jie,23.0,Right Winger,Marseille,€7.00m,out,Summer,7.0,Premier League,2017,2017/2018,England
Tottenham Hotspur,Federico Fazio,30.0,Centre-Back,AS Roma,€3.20m,out,Summer,3.2,Premier League,2017,2017/2018,England
Manchester City,Kelechi Iheanacho,20.0,Centre-Forward,Leicester,€27.70m,out,Summer,27.7,Premier League,2017,2017/2018,England
Manchester City,Enes Ünal,20.0,Centre-Forward,Villarreal,€14.00m,out,Summer,14.0,Premier League,2017,2017/2018,England
Manchester City,Wilfried Bony,28.0,Centre-Forward,Swansea,€13.00m,out,Summer,13.0,Premier League,2017,2017/2018,England
Manchester City,Aaron Mooy,26.0,Central Midfield,Huddersfield,€9.10m,out,Summer,9.1,Premier League,2017,2017/2018,England
Manchester City,Nolito,30.0,Left Winger,Sevilla FC,€7.00m,out,Summer,7.0,Premier League,2017,2017/2018,England
Manchester City,Fernando,30.0,Defensive Midfield,Galatasaray,€6.00m,out,Summer,6.0,Premier League,2017,2017/2018,England
Manchester City,Aleksandar Kolarov,31.0,Left-Back,AS Roma,€5.00m,out,Summer,5.0,Premier League,2017,2017/2018,England
Manchester City,Samir Nasri,30.0,Attacking Midfield,Antalyaspor,€3.50m,out,Summer,3.5,Premier League,2017,2017/2018,England
Manchester City,Rubén Sobrino,25.0,Centre-Forward,Alavés,€2.00m,out,Summer,2.0,Premier League,2017,2017/2018,England
Manchester City,Bruno Zuculini,24.0,Defensive Midfield,Hellas Verona,€1.25m,out,Summer,1.25,Premier League,2017,2017/2018,England
Liverpool FC,Mamadou Sakho,27.0,Centre-Back,Crystal Palace,€28.20m,out,Summer,28.2,Premier League,2017,2017/2018,England
Liverpool FC,Lucas Leiva,30.0,Defensive Midfield,Lazio,€5.70m,out,Summer,5.7,Premier League,2017,2017/2018,England
Liverpool FC,Kevin Stewart,23.0,Defensive Midfield,Hull City,€4.50m,out,Summer,4.5,Premier League,2017,2017/2018,England
Liverpool FC,Andre Wisdom,24.0,Right-Back,Derby,€2.30m,out,Summer,2.3,Premier League,2017,2017/2018,England
Arsenal FC,Alex Oxlade-Chamberlain,24.0,Central Midfield,Liverpool,€38.00m,out,Summer,38.0,Premier League,2017,2017/2018,England
Arsenal FC,Wojciech Szczesny,27.0,Goalkeeper,Juventus,€18.00m,out,Summer,18.0,Premier League,2017,2017/2018,England
Arsenal FC,Gabriel Paulista,26.0,Centre-Back,Valencia,€11.00m,out,Summer,11.0,Premier League,2017,2017/2018,England
Arsenal FC,Kieran Gibbs,27.0,Left-Back,West Brom,€7.50m,out,Summer,7.5,Premier League,2017,2017/2018,England
Manchester United,Adnan Januzaj,22.0,Right Winger,Real Sociedad,€8.50m,out,Summer,8.5,Premier League,2017,2017/2018,England
Everton FC,Romelu Lukaku,24.0,Centre-Forward,Man Utd,€84.70m,out,Summer,84.7,Premier League,2017,2017/2018,England
Everton FC,Gerard Deulofeu,23.0,Centre-Forward,Barcelona,€12.00m,out,Summer,12.0,Premier League,2017,2017/2018,England
Everton FC,Tom Cleverley,27.0,Central Midfield,Watford,€9.30m,out,Summer,9.3,Premier League,2017,2017/2018,England
Everton FC,Gareth Barry,36.0,Defensive Midfield,West Brom,€1.10m,out,Summer,1.1,Premier League,2017,2017/2018,England
Everton FC,Aiden McGeady,31.0,Left Winger,Sunderland,€280Th.,out,Summer,0.28,Premier League,2017,2017/2018,England
Southampton FC,Jay Rodríguez,27.0,Centre-Forward,West Brom,€13.70m,out,Summer,13.7,Premier League,2017,2017/2018,England
West Bromwich Albion,Craig Gardner,30.0,Central Midfield,Birmingham,€1.75m,out,Summer,1.75,Premier League,2017,2017/2018,England
West Ham United,Havard Nordtveit,27.0,Centre-Back,TSG Hoffenheim,€8.00m,out,Summer,8.0,Premier League,2017,2017/2018,England
West Ham United,Ashley Fletcher,21.0,Centre-Forward,Middlesbrough,€7.30m,out,Summer,7.3,Premier League,2017,2017/2018,England
West Ham United,Darren Randolph,30.0,Goalkeeper,Middlesbrough,€5.60m,out,Summer,5.6,Premier League,2017,2017/2018,England
West Ham United,Enner Valencia,27.0,Centre-Forward,Tigres UANL,€5.50m,out,Summer,5.5,Premier League,2017,2017/2018,England
West Ham United,Sofiane Feghouli,27.0,Right Winger,Galatasaray,€4.25m,out,Summer,4.25,Premier League,2017,2017/2018,England
Leicester City,Danny Drinkwater,27.0,Central Midfield,Chelsea,€37.90m,out,Summer,37.9,Premier League,2017,2017/2018,England
Leicester City,Tom Lawrence,23.0,Left Winger,Derby,€5.50m,out,Summer,5.5,Premier League,2017,2017/2018,England
Leicester City,Ron-Robert Zieler,28.0,Goalkeeper,VfB Stuttgart,€4.00m,out,Summer,4.0,Premier League,2017,2017/2018,England
Stoke City,Marko Arnautovic,28.0,Centre-Forward,West Ham,€22.30m,out,Summer,22.3,Premier League,2017,2017/2018,England
Stoke City,Joselu,27.0,Centre-Forward,Newcastle,€5.50m,out,Summer,5.5,Premier League,2017,2017/2018,England
Stoke City,Philipp Wollscheid,28.0,Centre-Back,FC Metz,€2.50m,out,Summer,2.5,Premier League,2017,2017/2018,England
Stoke City,Jonathan Walters,33.0,Right Winger,Burnley,€2.30m,out,Summer,2.3,Premier League,2017,2017/2018,England
Stoke City,Glenn Whelan,33.0,Defensive Midfield,Aston Villa,€1.70m,out,Summer,1.7,Premier League,2017,2017/2018,England
Stoke City,Phil Bardsley,32.0,Right-Back,Burnley,€840Th.,out,Summer,0.84,Premier League,2017,2017/2018,England
Crystal Palace,Steve Mandanda,32.0,Goalkeeper,Marseille,€3.00m,out,Summer,3.0,Premier League,2017,2017/2018,England
Swansea City,Gylfi Sigurdsson,27.0,Attacking Midfield,Everton,€49.40m,out,Summer,49.4,Premier League,2017,2017/2018,England
Swansea City,Fernando Llorente,32.0,Centre-Forward,Spurs,€15.10m,out,Summer,15.1,Premier League,2017,2017/2018,England
Swansea City,Jack Cork,28.0,Defensive Midfield,Burnley,€9.10m,out,Summer,9.1,Premier League,2017,2017/2018,England
Swansea City,Stephen Kingsley,23.0,Left-Back,Hull City,€3.30m,out,Summer,3.3,Premier League,2017,2017/2018,England
Swansea City,Bafétimbi Gomis,31.0,Centre-Forward,Galatasaray,€2.50m,out,Summer,2.5,Premier League,2017,2017/2018,England
Swansea City,Modou Barrow,24.0,Left Winger,Reading,€1.70m,out,Summer,1.7,Premier League,2017,2017/2018,England
Burnley FC,Michael Keane,24.0,Centre-Back,Everton,€28.50m,out,Summer,28.5,Premier League,2017,2017/2018,England
Burnley FC,Andre Gray,26.0,Centre-Forward,Watford,€20.40m,out,Summer,20.4,Premier League,2017,2017/2018,England
Burnley FC,Tendayi Darikwa,25.0,Right-Back,Nottm Forest,€1.10m,out,Summer,1.1,Premier League,2017,2017/2018,England
Watford FC,Steven Berghuis,25.0,Attacking Midfield,Feyenoord,€6.50m,out,Summer,6.5,Premier League,2017,2017/2018,England
Watford FC,Sven Kums,29.0,Central Midfield,RSC Anderlecht,€6.50m,out,Summer,6.5,Premier League,2017,2017/2018,England
Watford FC,Uche Agbo,21.0,Defensive Midfield,Standard Liège,€2.50m,out,Summer,2.5,Premier League,2017,2017/2018,England
Watford FC,Valon Behrami,32.0,Defensive Midfield,Udinese Calcio,€2.00m,out,Summer,2.0,Premier League,2017,2017/2018,England
Watford FC,Juanfran Moreno,28.0,Right-Back,Dep. La Coruña,€1.00m,out,Summer,1.0,Premier League,2017,2017/2018,England
Newcastle United,Florian Thauvin,24.0,Right Winger,Marseille,€11.00m,out,Summer,11.0,Premier League,2017,2017/2018,England
Newcastle United,Grant Hanley,25.0,Centre-Back,Norwich,€3.80m,out,Summer,3.8,Premier League,2017,2017/2018,England
Newcastle United,Daryl Murphy,34.0,Centre-Forward,Nottm Forest,€2.30m,out,Summer,2.3,Premier League,2017,2017/2018,England
Newcastle United,Siem de Jong,28.0,Attacking Midfield,Ajax,€2.30m,out,Summer,2.3,Premier League,2017,2017/2018,England
Newcastle United,Emmanuel Rivière,27.0,Centre-Forward,FC Metz,€1.10m,out,Summer,1.1,Premier League,2017,2017/2018,England
Newcastle United,Kevin Mbabu,22.0,Right-Back,BSC Young Boys,€120Th.,out,Summer,0.12,Premier League,2017,2017/2018,England
Brighton & Hove Albion,Rob Hunt,22.0,Right-Back,Oldham Athletic,€400Th.,out,Summer,0.4,Premier League,2017,2017/2018,England
Huddersfield Town,Nahki Wells,27.0,Centre-Forward,Burnley,€5.40m,out,Summer,5.4,Premier League,2017,2017/2018,England
Huddersfield Town,Kyle Dempsey,21.0,Central Midfield,Fleetwood,€455Th.,out,Summer,0.455,Premier League,2017,2017/2018,England
Chelsea FC,Diego Costa,29.0,Centre-Forward,Atlético Madrid,€60.00m,out,Winter,60.0,Premier League,2017,2017/2018,England
Liverpool FC,Philippe Coutinho,25.0,Left Winger,Barcelona,€135.00m,out,Winter,135.0,Premier League,2017,2017/2018,England
Arsenal FC,Alexis Sánchez,29.0,Centre-Forward,Man Utd,€34.00m,out,Winter,34.0,Premier League,2017,2017/2018,England
Arsenal FC,Theo Walcott,28.0,Right Winger,Everton,€22.50m,out,Winter,22.5,Premier League,2017,2017/2018,England
Arsenal FC,Olivier Giroud,31.0,Centre-Forward,Chelsea,€17.00m,out,Winter,17.0,Premier League,2017,2017/2018,England
Arsenal FC,Francis Coquelin,26.0,Defensive Midfield,Valencia,€14.00m,out,Winter,14.0,Premier League,2017,2017/2018,England
Manchester United,Henrikh Mkhitaryan,29.0,Attacking Midfield,Arsenal,€34.00m,out,Winter,34.0,Premier League,2017,2017/2018,England
Everton FC,Ross Barkley,24.0,Central Midfield,Chelsea,€16.80m,out,Winter,16.8,Premier League,2017,2017/2018,England
Everton FC,Aaron Lennon,30.0,Right Winger,Burnley,€1.70m,out,Winter,1.7,Premier League,2017,2017/2018,England
Southampton FC,Virgil van Dijk,26.0,Centre-Back,Liverpool,€84.65m,out,Winter,84.65,Premier League,2017,2017/2018,England
West Ham United,André Ayew,28.0,Left Winger,Swansea,€22.80m,out,Winter,22.8,Premier League,2017,2017/2018,England
West Ham United,Diafra Sakho,28.0,Centre-Forward,Stade Rennais,€10.00m,out,Winter,10.0,Premier League,2017,2017/2018,England
West Ham United,José Fonte,34.0,Centre-Back,DL Yifang,€5.57m,out,Winter,5.57,Premier League,2017,2017/2018,England
Huddersfield Town,Joe Lolley,25.0,Right Winger,Nottm Forest,€600Th.,out,Winter,0.6,Premier League,2017,2017/2018,England
Manchester City,Angus Gunn,22.0,Goalkeeper,Southampton,€11.30m,out,Summer,11.3,Premier League,2018,2018/2019,England
Manchester City,Jason Denayer,23.0,Centre-Back,Olympique Lyon,€10.00m,out,Summer,10.0,Premier League,2018,2018/2019,England
Manchester City,Pablo Maffeo,20.0,Right-Back,VfB Stuttgart,€9.00m,out,Summer,9.0,Premier League,2018,2018/2019,England
Manchester City,Joe Hart,31.0,Goalkeeper,Burnley,€3.90m,out,Summer,3.9,Premier League,2018,2018/2019,England
Manchester City,Bersant Celina,21.0,Attacking Midfield,Swansea,€3.40m,out,Summer,3.4,Premier League,2018,2018/2019,England
Manchester City,Olarenwaju Kayode,25.0,Centre-Forward,Shakhtar D.,€3.00m,out,Summer,3.0,Premier League,2018,2018/2019,England
Manchester United,Daley Blind,28.0,Left-Back,Ajax,€16.00m,out,Summer,16.0,Premier League,2018,2018/2019,England
Manchester United,Sam Johnstone,25.0,Goalkeeper,West Brom,€7.35m,out,Summer,7.35,Premier League,2018,2018/2019,England
Liverpool FC,Danny Ward,25.0,Goalkeeper,Leicester,€14.00m,out,Summer,14.0,Premier League,2018,2018/2019,England
Liverpool FC,Ragnar Klavan,32.0,Centre-Back,Cagliari Calcio,€1.52m,out,Summer,1.52,Premier League,2018,2018/2019,England
Chelsea FC,Thibaut Courtois,26.0,Goalkeeper,Real Madrid,€35.00m,out,Summer,35.0,Premier League,2018,2018/2019,England
Arsenal FC,Lucas Pérez,29.0,Centre-Forward,West Ham,€4.40m,out,Summer,4.4,Premier League,2018,2018/2019,England
Arsenal FC,Chuba Akpom,22.0,Centre-Forward,PAOK Salonika,€2.20m,out,Summer,2.2,Premier League,2018,2018/2019,England
Arsenal FC,Joel Campbell,26.0,Right Winger,Frosinone,€1.50m,out,Summer,1.5,Premier League,2018,2018/2019,England
Everton FC,Davy Klaassen,25.0,Attacking Midfield,Werder Bremen,€13.50m,out,Summer,13.5,Premier League,2018,2018/2019,England
Everton FC,Ramiro Funes Mori,27.0,Centre-Back,Villarreal,€9.00m,out,Summer,9.0,Premier League,2018,2018/2019,England
Leicester City,Riyad Mahrez,27.0,Right Winger,Man City,€67.80m,out,Summer,67.8,Premier League,2018,2018/2019,England
Leicester City,Ahmed Musa,25.0,Right Winger,Al-Nassr FC,€16.50m,out,Summer,16.5,Premier League,2018,2018/2019,England
Newcastle United,Aleksandar Mitrović,23.0,Centre-Forward,Fulham,€24.70m,out,Summer,24.7,Premier League,2018,2018/2019,England
Newcastle United,Mikel Merino,22.0,Central Midfield,Real Sociedad,€12.00m,out,Summer,12.0,Premier League,2018,2018/2019,England
Newcastle United,Chancel Mbemba,23.0,Centre-Back,FC Porto,€4.66m,out,Summer,4.66,Premier League,2018,2018/2019,England
Newcastle United,Matz Sels,26.0,Goalkeeper,R. Strasbourg,€4.00m,out,Summer,4.0,Premier League,2018,2018/2019,England
Newcastle United,Adam Armstrong,21.0,Centre-Forward,Blackburn,€1.90m,out,Summer,1.9,Premier League,2018,2018/2019,England
Newcastle United,Ivan Toney,22.0,Centre-Forward,Peterborough,€390Th.,out,Summer,0.39,Premier League,2018,2018/2019,England
AFC Bournemouth,Benik Afobe,25.0,Centre-Forward,Wolves,€11.40m,out,Summer,11.4,Premier League,2018,2018/2019,England
AFC Bournemouth,Lewis Grabban,30.0,Centre-Forward,Nottm Forest,€6.80m,out,Summer,6.8,Premier League,2018,2018/2019,England
AFC Bournemouth,Max Gradel,30.0,Left Winger,Toulouse,€2.00m,out,Summer,2.0,Premier League,2018,2018/2019,England
West Ham United,Cheikhou Kouyaté,28.0,Defensive Midfield,Crystal Palace,€10.70m,out,Summer,10.7,Premier League,2018,2018/2019,England
West Ham United,Reece Burke,21.0,Centre-Back,Hull City,€1.70m,out,Summer,1.7,Premier League,2018,2018/2019,England
Watford FC,Richarlison,21.0,Centre-Forward,Everton,€39.20m,out,Summer,39.2,Premier League,2018,2018/2019,England
Watford FC,Nordin Amrabat,31.0,Right Winger,Al-Nassr FC,€8.50m,out,Summer,8.5,Premier League,2018,2018/2019,England
Watford FC,Mauro Zárate,31.0,Second Striker,Boca Juniors,€2.30m,out,Summer,2.3,Premier League,2018,2018/2019,England
Brighton & Hove Albion,Sam Baldock,29.0,Centre-Forward,Reading,€3.90m,out,Summer,3.9,Premier League,2018,2018/2019,England
Brighton & Hove Albion,Connor Goldson,25.0,Centre-Back,Rangers,€3.40m,out,Summer,3.4,Premier League,2018,2018/2019,England
Brighton & Hove Albion,Jamie Murphy,28.0,Left Winger,Rangers,€1.20m,out,Summer,1.2,Premier League,2018,2018/2019,England
Brighton & Hove Albion,Jiri Skalak,26.0,Left Winger,Millwall,€1.00m,out,Summer,1.0,Premier League,2018,2018/2019,England
Huddersfield Town,Tom Ince,26.0,Right Winger,Stoke City,€11.20m,out,Summer,11.2,Premier League,2018,2018/2019,England
Huddersfield Town,Michael Hefele,27.0,Centre-Back,Nottm Forest,€330Th.,out,Summer,0.33,Premier League,2018,2018/2019,England
Southampton FC,Dusan Tadić,29.0,Left Winger,Ajax,€13.70m,out,Summer,13.7,Premier League,2018,2018/2019,England
Wolverhampton Wanderers,Barry Douglas,28.0,Left-Back,Leeds,€3.40m,out,Summer,3.4,Premier League,2018,2018/2019,England
Wolverhampton Wanderers,Ben Marshall,27.0,Right Midfield,Norwich,€1.70m,out,Summer,1.7,Premier League,2018,2018/2019,England
Wolverhampton Wanderers,Prince Oniangué,29.0,Defensive Midfield,SM Caen,€500Th.,out,Summer,0.5,Premier League,2018,2018/2019,England
Fulham FC,David Button,29.0,Goalkeeper,Brighton,€4.50m,out,Summer,4.5,Premier League,2018,2018/2019,England
Manchester City,Brahim Díaz,19.0,Attacking Midfield,Real Madrid,€17.00m,out,Winter,17.0,Premier League,2018,2018/2019,England
Manchester United,Marouane Fellaini,31.0,Central Midfield,SD Luneng,€7.20m,out,Winter,7.2,Premier League,2018,2018/2019,England
Tottenham Hotspur,Mousa Dembélé,31.0,Central Midfield,GZ R&F,€5.35m,out,Winter,5.35,Premier League,2018,2018/2019,England
Liverpool FC,Dominic Solanke,21.0,Centre-Forward,Bournemouth,€21.20m,out,Winter,21.2,Premier League,2018,2018/2019,England
Chelsea FC,Cesc Fàbregas,31.0,Central Midfield,Monaco,€9.00m,out,Winter,9.0,Premier League,2018,2018/2019,England
Burnley FC,Sam Vokes,29.0,Centre-Forward,Stoke City,€8.00m,out,Winter,8.0,Premier League,2018,2018/2019,England
Everton FC,Tyias Browning,24.0,Centre-Back,GZ Evergrande,€4.60m,out,Winter,4.6,Premier League,2018,2018/2019,England
Leicester City,Vicente Iborra,30.0,Central Midfield,Villarreal,€10.00m,out,Winter,10.0,Premier League,2018,2018/2019,England
Watford FC,Valber Huerta,25.0,Centre-Back,U. Católica,€440Th.,out,Winter,0.44,Premier League,2018,2018/2019,England
Brighton & Hove Albion,Oliver Norwood,27.0,Central Midfield,Sheff Utd,€2.20m,out,Winter,2.2,Premier League,2018,2018/2019,England
Brighton & Hove Albion,Mathias Normann,22.0,Defensive Midfield,Rostov,€1.70m,out,Winter,1.7,Premier League,2018,2018/2019,England
Southampton FC,Manolo Gabbiadini,27.0,Centre-Forward,Sampdoria,€11.90m,out,Winter,11.9,Premier League,2018,2018/2019,England
Wolverhampton Wanderers,Benik Afobe,25.0,Centre-Forward,Stoke City,€13.50m,out,Winter,13.5,Premier League,2018,2018/2019,England
Wolverhampton Wanderers,Danny Batth,28.0,Centre-Back,Stoke City,€3.45m,out,Winter,3.45,Premier League,2018,2018/2019,England
Wolverhampton Wanderers,Ben Stevenson,21.0,Central Midfield,Colchester Utd.,€250Th.,out,Winter,0.25,Premier League,2018,2018/2019,England
Fulham FC,Cauley Woodrow,24.0,Centre-Forward,Barnsley FC,€850Th.,out,Winter,0.85,Premier League,2018,2018/2019,England
Manchester City,Danilo,28.0,Right-Back,Juventus,€37.00m,out,Summer,37.0,Premier League,2019,2019/2020,England
Manchester City,Douglas Luiz,21.0,Defensive Midfield,Aston Villa,€16.80m,out,Summer,16.8,Premier League,2019,2019/2020,England
Manchester City,Fabian Delph,29.0,Central Midfield,Everton,€9.50m,out,Summer,9.5,Premier League,2019,2019/2020,England
Manchester City,Manu García,21.0,Attacking Midfield,Sporting Gijón,€4.00m,out,Summer,4.0,Premier League,2019,2019/2020,England
Manchester City,Pablo Marí,25.0,Centre-Back,Flamengo,€1.70m,out,Summer,1.7,Premier League,2019,2019/2020,England
Liverpool FC,Danny Ings,26.0,Centre-Forward,Southampton,€25.10m,out,Summer,25.1,Premier League,2019,2019/2020,England
Liverpool FC,Ryan Kent,22.0,Left Winger,Rangers,€7.20m,out,Summer,7.2,Premier League,2019,2019/2020,England
Liverpool FC,Simon Mignolet,31.0,Goalkeeper,Club Brugge,€7.00m,out,Summer,7.0,Premier League,2019,2019/2020,England
Chelsea FC,Eden Hazard,28.0,Left Winger,Real Madrid,€115.00m,out,Summer,115.0,Premier League,2019,2019/2020,England
Chelsea FC,Ola Aina,22.0,Right-Back,Torino,€9.80m,out,Summer,9.8,Premier League,2019,2019/2020,England
Chelsea FC,Tomas Kalas,26.0,Centre-Back,Bristol City,€9.00m,out,Summer,9.0,Premier League,2019,2019/2020,England
Chelsea FC,David Luiz,32.0,Centre-Back,Arsenal,€8.70m,out,Summer,8.7,Premier League,2019,2019/2020,England
Chelsea FC,Kenneth Omeruo,25.0,Centre-Back,CD Leganés,€5.00m,out,Summer,5.0,Premier League,2019,2019/2020,England
Tottenham Hotspur,Kieran Trippier,28.0,Right-Back,Atlético Madrid,€22.00m,out,Summer,22.0,Premier League,2019,2019/2020,England
Tottenham Hotspur,Vincent Janssen,25.0,Centre-Forward,Monterrey,€9.00m,out,Summer,9.0,Premier League,2019,2019/2020,England
Tottenham Hotspur,Georges-Kevin N'Koudou,24.0,Left Winger,Besiktas,€4.50m,out,Summer,4.5,Premier League,2019,2019/2020,England
Arsenal FC,Alex Iwobi,23.0,Left Winger,Everton,€30.40m,out,Summer,30.4,Premier League,2019,2019/2020,England
Arsenal FC,Krystian Bielik,21.0,Defensive Midfield,Derby,€8.20m,out,Summer,8.2,Premier League,2019,2019/2020,England
Arsenal FC,Laurent Koscielny,33.0,Centre-Back,G. Bordeaux,€5.00m,out,Summer,5.0,Premier League,2019,2019/2020,England
Arsenal FC,David Ospina,30.0,Goalkeeper,SSC Napoli,€3.50m,out,Summer,3.5,Premier League,2019,2019/2020,England
Arsenal FC,Carl Jenkinson,27.0,Right-Back,Nottm Forest,€2.20m,out,Summer,2.2,Premier League,2019,2019/2020,England
Arsenal FC,Takuma Asano,24.0,Right Winger,Partizan,€1.00m,out,Summer,1.0,Premier League,2019,2019/2020,England
Arsenal FC,Nacho Monreal,33.0,Left-Back,Real Sociedad,€250Th.,out,Summer,0.25,Premier League,2019,2019/2020,England
Manchester United,Romelu Lukaku,26.0,Centre-Forward,Inter,€74.00m,out,Summer,74.0,Premier League,2019,2019/2020,England
Manchester United,Matteo Darmian,29.0,Right-Back,Parma,€2.48m,out,Summer,2.48,Premier League,2019,2019/2020,England
Wolverhampton Wanderers,Kortney Hause,23.0,Centre-Back,Aston Villa,€3.40m,out,Summer,3.4,Premier League,2019,2019/2020,England
Everton FC,Idrissa Gueye,29.0,Central Midfield,Paris SG,€30.00m,out,Summer,30.0,Premier League,2019,2019/2020,England
Everton FC,Nikola Vlasic,21.0,Attacking Midfield,CSKA Moscow,€23.00m,out,Summer,23.0,Premier League,2019,2019/2020,England
Everton FC,Ademola Lookman,21.0,Left Winger,RB Leipzig,€18.00m,out,Summer,18.0,Premier League,2019,2019/2020,England
Everton FC,Henry Onyekuru,22.0,Left Winger,Monaco,€13.50m,out,Summer,13.5,Premier League,2019,2019/2020,England
Everton FC,James McCarthy,28.0,Central Midfield,Crystal Palace,€3.30m,out,Summer,3.3,Premier League,2019,2019/2020,England
Leicester City,Harry Maguire,26.0,Centre-Back,Man Utd,€87.00m,out,Summer,87.0,Premier League,2019,2019/2020,England
Leicester City,Callum Elder,24.0,Left-Back,Hull City,€1.50m,out,Summer,1.5,Premier League,2019,2019/2020,England
West Ham United,Marko Arnautovic,30.0,Centre-Forward,SH SIPG,€25.00m,out,Summer,25.0,Premier League,2019,2019/2020,England
West Ham United,Chicharito,31.0,Centre-Forward,Sevilla FC,€7.75m,out,Summer,7.75,Premier League,2019,2019/2020,England
West Ham United,Pedro Obiang,27.0,Central Midfield,Sassuolo,€7.50m,out,Summer,7.5,Premier League,2019,2019/2020,England
West Ham United,Edimilson Fernandes,23.0,Central Midfield,1.FSV Mainz 05,€7.50m,out,Summer,7.5,Premier League,2019,2019/2020,England
West Ham United,Sead Haksabanovic,21.0,Left Winger,Norrköping,€2.60m,out,Summer,2.6,Premier League,2019,2019/2020,England
West Ham United,Lucas Pérez,30.0,Centre-Forward,Alavés,€2.30m,out,Summer,2.3,Premier League,2019,2019/2020,England
West Ham United,Reece Oxford,20.0,Centre-Back,FC Augsburg,€2.00m,out,Summer,2.0,Premier League,2019,2019/2020,England
West Ham United,Sam Byram,25.0,Right-Back,Norwich,€830Th.,out,Summer,0.83,Premier League,2019,2019/2020,England
Watford FC,Dodi Lukébakio,21.0,Right Winger,Hertha BSC,€20.00m,out,Summer,20.0,Premier League,2019,2019/2020,England
Watford FC,Obbi Oulare,23.0,Centre-Forward,Standard Liège,€3.40m,out,Summer,3.4,Premier League,2019,2019/2020,England
Crystal Palace,Aaron Wan-Bissaka,21.0,Right-Back,Man Utd,€55.00m,out,Summer,55.0,Premier League,2019,2019/2020,England
Newcastle United,Ayoze Pérez,25.0,Second Striker,Leicester,€33.40m,out,Summer,33.4,Premier League,2019,2019/2020,England
Newcastle United,Joselu,29.0,Centre-Forward,Alavés,€2.24m,out,Summer,2.24,Premier League,2019,2019/2020,England
AFC Bournemouth,Tyrone Mings,26.0,Centre-Back,Aston Villa,€22.30m,out,Summer,22.3,Premier League,2019,2019/2020,England
AFC Bournemouth,Lys Mousset,23.0,Centre-Forward,Sheff Utd,€11.10m,out,Summer,11.1,Premier League,2019,2019/2020,England
AFC Bournemouth,Connor Mahoney,22.0,Right Winger,Millwall,€1.10m,out,Summer,1.1,Premier League,2019,2019/2020,England
Burnley FC,Tom Heaton,33.0,Goalkeeper,Aston Villa,€8.80m,out,Summer,8.8,Premier League,2019,2019/2020,England
Southampton FC,Matt Targett,23.0,Left-Back,Aston Villa,€15.50m,out,Summer,15.5,Premier League,2019,2019/2020,England
Southampton FC,Sam Gallagher,23.0,Centre-Forward,Blackburn,€6.50m,out,Summer,6.5,Premier League,2019,2019/2020,England
Southampton FC,Charlie Austin,30.0,Centre-Forward,West Brom,€4.30m,out,Summer,4.3,Premier League,2019,2019/2020,England
Brighton & Hove Albion,Ales Mateju,23.0,Right-Back,Brescia,€1.80m,out,Summer,1.8,Premier League,2019,2019/2020,England
Norwich City,Nélson Oliveira,27.0,Centre-Forward,AEK Athens,€1.00m,out,Summer,1.0,Premier League,2019,2019/2020,England
Norwich City,Marcel Franke,26.0,Centre-Back,Hannover 96,€1.00m,out,Summer,1.0,Premier League,2019,2019/2020,England
Sheffield United,Ched Evans,30.0,Centre-Forward,Fleetwood,€150Th.,out,Summer,0.15,Premier League,2019,2019/2020,England
Chelsea FC,Michael Hector,27.0,Centre-Back,Fulham,€5.90m,out,Winter,5.9,Premier League,2019,2019/2020,England
Tottenham Hotspur,Christian Eriksen,27.0,Attacking Midfield,Inter,€27.00m,out,Winter,27.0,Premier League,2019,2019/2020,England
Manchester United,Ashley Young,34.0,Left-Back,Inter,€1.70m,out,Winter,1.7,Premier League,2019,2019/2020,England
Wolverhampton Wanderers,Ivan Cavaleiro,26.0,Left Winger,Fulham,€11.80m,out,Winter,11.8,Premier League,2019,2019/2020,England
Watford FC,Marvin Zeegelaar,29.0,Left-Back,Udinese Calcio,€2.00m,out,Winter,2.0,Premier League,2019,2019/2020,England
Burnley FC,Nahki Wells,29.0,Centre-Forward,Bristol City,€4.75m,out,Winter,4.75,Premier League,2019,2019/2020,England
Brighton & Hove Albion,Anders Dreyer,21.0,Right Winger,FC Midtjylland,€1.00m,out,Winter,1.0,Premier League,2019,2019/2020,England
Brighton & Hove Albion,Gaëtan Bong,31.0,Left-Back,Nottm Forest,€500Th.,out,Winter,0.5,Premier League,2019,2019/2020,England
Norwich City,Dennis Srbeny,25.0,Centre-Forward,SC Paderborn,€200Th.,out,Winter,0.2,Premier League,2019,2019/2020,England
Sheffield United,Richard Stearman,32.0,Centre-Back,Huddersfield,€200Th.,out,Winter,0.2,Premier League,2019,2019/2020,England
Aston Villa,Jonathan Kodjia,30.0,Centre-Forward,Al-Gharafa SC,€3.00m,out,Winter,3.0,Premier League,2019,2019/2020,England
Arsenal FC,Emiliano Martínez,28.0,Goalkeeper,Aston Villa,€17.40m,out,Summer,17.4,Premier League,2020,2020/2021,England
Aston Villa,Scott Hogan,28.0,Centre-Forward,Birmingham,€2.77m,out,Summer,2.77,Premier League,2020,2020/2021,England
Brighton & Hove Albion,Anthony Knockaert,28.0,Right Winger,Fulham,€11.70m,out,Summer,11.7,Premier League,2020,2020/2021,England
Brighton & Hove Albion,Aaron Mooy,29.0,Central Midfield,SH Port,€4.50m,out,Summer,4.5,Premier League,2020,2020/2021,England
Brighton & Hove Albion,David Button,31.0,Goalkeeper,West Brom,€1.10m,out,Summer,1.1,Premier League,2020,2020/2021,England
Brighton & Hove Albion,Dale Stephens,31.0,Central Midfield,Burnley,€1.10m,out,Summer,1.1,Premier League,2020,2020/2021,England
Chelsea FC,Álvaro Morata,27.0,Centre-Forward,Atlético Madrid,€35.00m,out,Summer,35.0,Premier League,2020,2020/2021,England
Chelsea FC,Mario Pasalic,25.0,Attacking Midfield,Atalanta BC,€14.50m,out,Summer,14.5,Premier League,2020,2020/2021,England
Chelsea FC,Nathan,24.0,Attacking Midfield,Atlético-MG,€3.00m,out,Summer,3.0,Premier League,2020,2020/2021,England
Crystal Palace,Alexander Sörloth,24.0,Centre-Forward,RB Leipzig,€20.00m,out,Summer,20.0,Premier League,2020,2020/2021,England
Everton FC,Morgan Schneiderlin,30.0,Defensive Midfield,OGC Nice,€2.23m,out,Summer,2.23,Premier League,2020,2020/2021,England
Everton FC,Kieran Dowell,22.0,Attacking Midfield,Norwich,€2.20m,out,Summer,2.2,Premier League,2020,2020/2021,England
Leicester City,Ben Chilwell,23.0,Left-Back,Chelsea,€50.20m,out,Summer,50.2,Premier League,2020,2020/2021,England
Leicester City,Fousseni Diabaté,24.0,Right Winger,Trabzonspor,€1.57m,out,Summer,1.57,Premier League,2020,2020/2021,England
Liverpool FC,Dejan Lovren,31.0,Centre-Back,Zenit S-Pb,€12.00m,out,Summer,12.0,Premier League,2020,2020/2021,England
Liverpool FC,Ovie Ejaria,22.0,Left Midfield,Reading,€3.90m,out,Summer,3.9,Premier League,2020,2020/2021,England
Manchester City,Leroy Sané,24.0,Left Winger,Bayern Munich,€60.00m,out,Summer,60.0,Premier League,2020,2020/2021,England
Manchester City,Nicolás Otamendi,32.0,Centre-Back,Benfica,€15.00m,out,Summer,15.0,Premier League,2020,2020/2021,England
Manchester City,Tosin Adarabioyo,23.0,Centre-Back,Fulham,€1.65m,out,Summer,1.65,Premier League,2020,2020/2021,England
Manchester United,Chris Smalling,30.0,Centre-Back,AS Roma,€15.00m,out,Summer,15.0,Premier League,2020,2020/2021,England
Newcastle United,Dan Barlaser,23.0,Central Midfield,Rotherham,€275Th.,out,Summer,0.275,Premier League,2020,2020/2021,England
Southampton FC,Pierre-Emile Höjbjerg,25.0,Central Midfield,Spurs,€16.60m,out,Summer,16.6,Premier League,2020,2020/2021,England
Southampton FC,Harrison Reed,25.0,Central Midfield,Fulham,€6.50m,out,Summer,6.5,Premier League,2020,2020/2021,England
Tottenham Hotspur,Kyle Walker-Peters,23.0,Right-Back,Southampton,€13.30m,out,Summer,13.3,Premier League,2020,2020/2021,England
West Bromwich Albion,Oliver Burke,23.0,Centre-Forward,Sheff Utd,€6.50m,out,Summer,6.5,Premier League,2020,2020/2021,England
West Bromwich Albion,Jonathan Leko,21.0,Right Winger,Birmingham,€1.10m,out,Summer,1.1,Premier League,2020,2020/2021,England
West Ham United,Grady Diangana,22.0,Right Winger,West Brom,€13.50m,out,Summer,13.5,Premier League,2020,2020/2021,England
West Ham United,Albian Ajeti,23.0,Centre-Forward,Celtic,€5.50m,out,Summer,5.5,Premier League,2020,2020/2021,England
West Ham United,Jordan Hugill,28.0,Centre-Forward,Norwich,€3.30m,out,Summer,3.3,Premier League,2020,2020/2021,England
West Ham United,Josh Cullen,24.0,Central Midfield,RSC Anderlecht,€500Th.,out,Summer,0.5,Premier League,2020,2020/2021,England
Wolverhampton Wanderers,Diogo Jota,23.0,Left Winger,Liverpool,€44.70m,out,Summer,44.7,Premier League,2020,2020/2021,England
Wolverhampton Wanderers,Hélder Costa,26.0,Right Winger,Leeds,€17.70m,out,Summer,17.7,Premier League,2020,2020/2021,England
Wolverhampton Wanderers,Matt Doherty,28.0,Right-Back,Spurs,€16.80m,out,Summer,16.8,Premier League,2020,2020/2021,England
Leicester City,Demarai Gray,24.0,Left Winger,Bay. Leverkusen,€2.00m,out,Winter,2.0,Premier League,2020,2020/2021,England
Manchester United,Timothy Fosu-Mensah,23.0,Right-Back,Bay. Leverkusen,€1.70m,out,Winter,1.7,Premier League,2020,2020/2021,England
West Ham United,Sébastien Haller,26.0,Centre-Forward,Ajax,€22.50m,out,Winter,22.5,Premier League,2020,2020/2021,England
West Ham United,Robert Snodgrass,33.0,Right Winger,West Brom,€110Th.,out,Winter,0.11,Premier League,2020,2020/2021,England
Arsenal FC,Joe Willock,21.0,Central Midfield,Newcastle,€29.40m,out,Summer,29.4,Premier League,2021,2021/2022,England
Aston Villa,Jack Grealish,25.0,Left Winger,Man City,€117.50m,out,Summer,117.5,Premier League,2021,2021/2022,England
Aston Villa,Ally Samatta,28.0,Centre-Forward,Fenerbahce,€6.00m,out,Summer,6.0,Premier League,2021,2021/2022,England
Aston Villa,Björn Engels,26.0,Centre-Back,Royal Antwerp,€3.50m,out,Summer,3.5,Premier League,2021,2021/2022,England
Brighton & Hove Albion,Ben White,23.0,Centre-Back,Arsenal,€58.50m,out,Summer,58.5,Premier League,2021,2021/2022,England
Brighton & Hove Albion,Percy Tau,27.0,Right Winger,El Ahly,€1.80m,out,Summer,1.8,Premier League,2021,2021/2022,England
Brighton & Hove Albion,Viktor Gyökeres,23.0,Centre-Forward,Coventry,€1.20m,out,Summer,1.2,Premier League,2021,2021/2022,England
Brighton & Hove Albion,Alireza Jahanbakhsh,27.0,Right Winger,Feyenoord,€1.00m,out,Summer,1.0,Premier League,2021,2021/2022,England
Burnley FC,Ben Gibson,28.0,Centre-Back,Norwich,€9.30m,out,Summer,9.3,Premier League,2021,2021/2022,England
Burnley FC,Josh Benson,21.0,Central Midfield,Barnsley FC,€1.20m,out,Summer,1.2,Premier League,2021,2021/2022,England
Chelsea FC,Tammy Abraham,23.0,Centre-Forward,AS Roma,€40.00m,out,Summer,40.0,Premier League,2021,2021/2022,England
Chelsea FC,Kurt Zouma,26.0,Centre-Back,West Ham,€35.00m,out,Summer,35.0,Premier League,2021,2021/2022,England
Chelsea FC,Fikayo Tomori,23.0,Centre-Back,AC Milan,€28.80m,out,Summer,28.8,Premier League,2021,2021/2022,England
Chelsea FC,Davide Zappacosta,29.0,Right-Back,Atalanta BC,€6.00m,out,Summer,6.0,Premier League,2021,2021/2022,England
Chelsea FC,Victor Moses,30.0,Right Midfield,Spartak Moscow,€5.00m,out,Summer,5.0,Premier League,2021,2021/2022,England
Chelsea FC,Olivier Giroud,34.0,Centre-Forward,AC Milan,€1.00m,out,Summer,1.0,Premier League,2021,2021/2022,England
Everton FC,James Rodríguez,30.0,Attacking Midfield,Al-Rayyan SC,€8.00m,out,Summer,8.0,Premier League,2021,2021/2022,England
Everton FC,Bernard,28.0,Left Winger,Sharjah FC,€1.00m,out,Summer,1.0,Premier League,2021,2021/2022,England
Leicester City,Rachid Ghezzal,29.0,Right Winger,Besiktas,€3.00m,out,Summer,3.0,Premier League,2021,2021/2022,England
Liverpool FC,Harry Wilson,24.0,Right Winger,Fulham,€14.00m,out,Summer,14.0,Premier League,2021,2021/2022,England
Liverpool FC,Taiwo Awoniyi,23.0,Centre-Forward,Union Berlin,€8.55m,out,Summer,8.55,Premier League,2021,2021/2022,England
Liverpool FC,Xherdan Shaqiri,29.0,Right Winger,Olympique Lyon,€6.00m,out,Summer,6.0,Premier League,2021,2021/2022,England
Manchester City,Angeliño,24.0,Left-Back,RB Leipzig,€18.00m,out,Summer,18.0,Premier League,2021,2021/2022,England
Manchester City,Jack Harrison,24.0,Left Winger,Leeds,€12.80m,out,Summer,12.8,Premier League,2021,2021/2022,England
Manchester City,Lukas Nmecha,22.0,Centre-Forward,VfL Wolfsburg,€8.00m,out,Summer,8.0,Premier League,2021,2021/2022,England
Manchester United,Daniel James,23.0,Right Winger,Leeds,€29.10m,out,Summer,29.1,Premier League,2021,2021/2022,England
Norwich City,Emiliano Buendía,24.0,Right Winger,Aston Villa,€38.40m,out,Summer,38.4,Premier League,2021,2021/2022,England
Southampton FC,Danny Ings,29.0,Centre-Forward,Aston Villa,€29.42m,out,Summer,29.42,Premier League,2021,2021/2022,England
Southampton FC,Jannik Vestergaard,29.0,Centre-Back,Leicester,€17.60m,out,Summer,17.6,Premier League,2021,2021/2022,England
Southampton FC,Angus Gunn,25.0,Goalkeeper,Norwich,€5.85m,out,Summer,5.85,Premier League,2021,2021/2022,England
Southampton FC,Mario Lemina,27.0,Defensive Midfield,OGC Nice,€5.50m,out,Summer,5.5,Premier League,2021,2021/2022,England
Southampton FC,Michael Obafemi,21.0,Centre-Forward,Swansea,€2.00m,out,Summer,2.0,Premier League,2021,2021/2022,England
Tottenham Hotspur,Juan Foyth,23.0,Right-Back,Villarreal,€15.00m,out,Summer,15.0,Premier League,2021,2021/2022,England
Tottenham Hotspur,Toby Alderweireld,32.0,Centre-Back,Al-Duhail SC,€13.00m,out,Summer,13.0,Premier League,2021,2021/2022,England
Tottenham Hotspur,Moussa Sissoko,32.0,Central Midfield,Watford,€3.50m,out,Summer,3.5,Premier League,2021,2021/2022,England
Tottenham Hotspur,Joe Hart,34.0,Goalkeeper,Celtic,€1.20m,out,Summer,1.2,Premier League,2021,2021/2022,England
Watford FC,Will Hughes,26.0,Central Midfield,Crystal Palace,€7.00m,out,Summer,7.0,Premier League,2021,2021/2022,England
Watford FC,Craig Dawson,31.0,Centre-Back,West Ham,€2.30m,out,Summer,2.3,Premier League,2021,2021/2022,England
Watford FC,Isaac Success,25.0,Centre-Forward,Udinese Calcio,€1.80m,out,Summer,1.8,Premier League,2021,2021/2022,England
Watford FC,Ben Wilmot,21.0,Centre-Back,Stoke City,€1.75m,out,Summer,1.75,Premier League,2021,2021/2022,England
West Ham United,Felipe Anderson,28.0,Right Winger,Lazio,€3.00m,out,Summer,3.0,Premier League,2021,2021/2022,England
West Ham United,Xande Silva,24.0,Right Winger,Nottm Forest,€235Th.,out,Summer,0.235,Premier League,2021,2021/2022,England
Wolverhampton Wanderers,Rafa Mir,24.0,Centre-Forward,Sevilla FC,€16.00m,out,Summer,16.0,Premier League,2021,2021/2022,England
Wolverhampton Wanderers,Rui Patrício,33.0,Goalkeeper,AS Roma,€11.80m,out,Summer,11.8,Premier League,2021,2021/2022,England
Wolverhampton Wanderers,Owen Otasowie,20.0,Defensive Midfield,Club Brugge,€4.00m,out,Summer,4.0,Premier League,2021,2021/2022,England
Brighton & Hove Albion,Dan Burn,29.0,Centre-Back,Newcastle,€15.00m,out,Winter,15.0,Premier League,2021,2021/2022,England
Burnley FC,Chris Wood,30.0,Centre-Forward,Newcastle,€30.00m,out,Winter,30.0,Premier League,2021,2021/2022,England
Everton FC,Lucas Digne,28.0,Left-Back,Aston Villa,€30.00m,out,Winter,30.0,Premier League,2021,2021/2022,England
Manchester City,Ferran Torres,21.0,Left Winger,Barcelona,€55.00m,out,Winter,55.0,Premier League,2021,2021/2022,England
West Ham United,Frederik Alves,22.0,Centre-Back,Bröndby IF,€1.00m,out,Winter,1.0,Premier League,2021,2021/2022,England
Arsenal FC,Mattéo Guendouzi,23.0,Central Midfield,Marseille,€11.00m,out,Summer,11.0,Premier League,2022,2022/2023,England
Arsenal FC,Lucas Torreira,26.0,Defensive Midfield,Galatasaray,€6.00m,out,Summer,6.0,Premier League,2022,2022/2023,England
Arsenal FC,Bernd Leno,30.0,Goalkeeper,Fulham,€3.60m,out,Summer,3.6,Premier League,2022,2022/2023,England
Arsenal FC,Konstantinos Mavropanos,24.0,Centre-Back,VfB Stuttgart,€3.20m,out,Summer,3.2,Premier League,2022,2022/2023,England
Aston Villa,Carney Chukwuemeka,18.0,Central Midfield,Chelsea,€18.00m,out,Summer,18.0,Premier League,2022,2022/2023,England
Aston Villa,Matt Targett,26.0,Left-Back,Newcastle,€17.50m,out,Summer,17.5,Premier League,2022,2022/2023,England
Aston Villa,Trezeguet,27.0,Left Winger,Trabzonspor,€4.00m,out,Summer,4.0,Premier League,2022,2022/2023,England
Aston Villa,Anwar El Ghazi,27.0,Right Winger,PSV Eindhoven,€2.50m,out,Summer,2.5,Premier League,2022,2022/2023,England
Brentford FC,Marcus Forss,23.0,Centre-Forward,Middlesbrough,€3.60m,out,Summer,3.6,Premier League,2022,2022/2023,England
Brighton & Hove Albion,Marc Cucurella,24.0,Left-Back,Chelsea,€65.30m,out,Summer,65.3,Premier League,2022,2022/2023,England
Brighton & Hove Albion,Yves Bissouma,25.0,Central Midfield,Spurs,€29.20m,out,Summer,29.2,Premier League,2022,2022/2023,England
Brighton & Hove Albion,Neal Maupay,26.0,Centre-Forward,Everton,€11.80m,out,Summer,11.8,Premier League,2022,2022/2023,England
Brighton & Hove Albion,Leo Östigard,22.0,Centre-Back,SSC Napoli,€5.00m,out,Summer,5.0,Premier League,2022,2022/2023,England
Brighton & Hove Albion,Matt Clarke,25.0,Centre-Back,Middlesbrough,€2.60m,out,Summer,2.6,Premier League,2022,2022/2023,England
Chelsea FC,Timo Werner,26.0,Centre-Forward,RB Leipzig,€20.00m,out,Summer,20.0,Premier League,2022,2022/2023,England
Chelsea FC,Emerson,28.0,Left-Back,West Ham,€15.40m,out,Summer,15.4,Premier League,2022,2022/2023,England
Chelsea FC,Billy Gilmour,21.0,Central Midfield,Brighton,€10.40m,out,Summer,10.4,Premier League,2022,2022/2023,England
Chelsea FC,Michy Batshuayi,28.0,Centre-Forward,Fenerbahce,€3.50m,out,Summer,3.5,Premier League,2022,2022/2023,England
Chelsea FC,Kenedy,26.0,Left Winger,Real Valladolid,€500Th.,out,Summer,0.5,Premier League,2022,2022/2023,England
Crystal Palace,Christian Benteke,31.0,Centre-Forward,D.C. United,€5.46m,out,Summer,5.46,Premier League,2022,2022/2023,England
Everton FC,Richarlison,25.0,Centre-Forward,Spurs,€58.00m,out,Summer,58.0,Premier League,2022,2022/2023,England
Fulham FC,André Zambo Anguissa,26.0,Defensive Midfield,SSC Napoli,€15.00m,out,Summer,15.0,Premier League,2022,2022/2023,England
Fulham FC,Fábio Carvalho,19.0,Attacking Midfield,Liverpool,€5.90m,out,Summer,5.9,Premier League,2022,2022/2023,England
Leeds United,Raphinha,25.0,Right Winger,Barcelona,€58.00m,out,Summer,58.0,Premier League,2022,2022/2023,England
Leeds United,Kalvin Phillips,26.0,Defensive Midfield,Man City,€49.00m,out,Summer,49.0,Premier League,2022,2022/2023,England
Leeds United,Leif Davis,22.0,Left-Back,Ipswich,€1.20m,out,Summer,1.2,Premier League,2022,2022/2023,England
Leicester City,Wesley Fofana,21.0,Centre-Back,Chelsea,€80.40m,out,Summer,80.4,Premier League,2022,2022/2023,England
Leicester City,Kasper Schmeichel,35.0,Goalkeeper,OGC Nice,€1.00m,out,Summer,1.0,Premier League,2022,2022/2023,England
Liverpool FC,Sadio Mané,30.0,Left Winger,Bayern Munich,€32.00m,out,Summer,32.0,Premier League,2022,2022/2023,England
Liverpool FC,Neco Williams,21.0,Right-Back,Nottm Forest,€20.00m,out,Summer,20.0,Premier League,2022,2022/2023,England
Liverpool FC,Takumi Minamino,27.0,Left Winger,Monaco,€15.00m,out,Summer,15.0,Premier League,2022,2022/2023,England
Liverpool FC,Marko Grujic,26.0,Central Midfield,FC Porto,€9.00m,out,Summer,9.0,Premier League,2022,2022/2023,England
Liverpool FC,Ben Davies,26.0,Centre-Back,Rangers,€4.70m,out,Summer,4.7,Premier League,2022,2022/2023,England
Manchester City,Raheem Sterling,27.0,Left Winger,Chelsea,€56.20m,out,Summer,56.2,Premier League,2022,2022/2023,England
Manchester City,Gabriel Jesus,25.0,Centre-Forward,Arsenal,€52.20m,out,Summer,52.2,Premier League,2022,2022/2023,England
Manchester City,Oleksandr Zinchenko,25.0,Left-Back,Arsenal,€35.00m,out,Summer,35.0,Premier League,2022,2022/2023,England
Manchester City,Pedro Porro,22.0,Right-Back,Sporting CP,€8.50m,out,Summer,8.5,Premier League,2022,2022/2023,England
Manchester City,Ko Itakura,25.0,Centre-Back,Bor. M'gladbach,€5.00m,out,Summer,5.0,Premier League,2022,2022/2023,England
Manchester City,Arijanet Muric,23.0,Goalkeeper,Burnley,€3.00m,out,Summer,3.0,Premier League,2022,2022/2023,England
Manchester United,Andreas Pereira,26.0,Attacking Midfield,Fulham,€9.50m,out,Summer,9.5,Premier League,2022,2022/2023,England
Nottingham Forest,Brice Samba,28.0,Goalkeeper,Lens,€5.00m,out,Summer,5.0,Premier League,2022,2022/2023,England
Nottingham Forest,Nuno Da Costa,31.0,Centre-Forward,AJ Auxerre,€2.00m,out,Summer,2.0,Premier League,2022,2022/2023,England
Tottenham Hotspur,Steven Bergwijn,24.0,Left Winger,Ajax,€31.25m,out,Summer,31.25,Premier League,2022,2022/2023,England
Tottenham Hotspur,Cameron Carter-Vickers,24.0,Centre-Back,Celtic,€7.00m,out,Summer,7.0,Premier League,2022,2022/2023,England
West Ham United,Issa Diop,25.0,Centre-Back,Fulham,€17.80m,out,Summer,17.8,Premier League,2022,2022/2023,England
Wolverhampton Wanderers,Morgan Gibbs-White,22.0,Attacking Midfield,Nottm Forest,€29.50m,out,Summer,29.5,Premier League,2022,2022/2023,England
Wolverhampton Wanderers,Leander Dendoncker,27.0,Defensive Midfield,Aston Villa,€15.00m,out,Summer,15.0,Premier League,2022,2022/2023,England
Wolverhampton Wanderers,Rúben Vinagre,23.0,Left-Back,Sporting CP,€10.00m,out,Summer,10.0,Premier League,2022,2022/2023,England
Wolverhampton Wanderers,Willy Boly,31.0,Centre-Back,Nottm Forest,€2.60m,out,Summer,2.6,Premier League,2022,2022/2023,England
Aston Villa,Danny Ings,30.0,Centre-Forward,West Ham,€12.00m,out,Winter,12.0,Premier League,2022,2022/2023,England
Brighton & Hove Albion,Leandro Trossard,28.0,Left Winger,Arsenal,€24.00m,out,Winter,24.0,Premier League,2022,2022/2023,England
Chelsea FC,Jorginho,31.0,Defensive Midfield,Arsenal,€11.30m,out,Winter,11.3,Premier League,2022,2022/2023,England
Everton FC,Anthony Gordon,21.0,Left Winger,Newcastle,€45.60m,out,Winter,45.6,Premier League,2022,2022/2023,England
Manchester City,Diego Rosa,20.0,Central Midfield,EC Bahia,€2.30m,out,Winter,2.3,Premier League,2022,2022/2023,England
West Ham United,Craig Dawson,32.0,Centre-Back,Wolves,€3.75m,out,Winter,3.75,Premier League,2022,2022/2023,England
Wolverhampton Wanderers,Leonardo Campana,22.0,Centre-Forward,Miami,€2.70m,out,Winter,2.7,Premier League,2022,2022/2023,England
Wolverhampton Wanderers,Connor Ronan,24.0,Central Midfield,Colorado,€570k,out,Winter,0.57,Premier League,2022,2022/2023,England
